,Date,Account,Debit,Credit,Type
0,1/3/2022,CHK,,130.00,Entertainment
1,1/3/2022,CHK,1500.00,,Savings
2,1/3/2022,CC  BofA,49.95,,Insurance
3,1/3/2022,CC  BofA,83.80,,Self Care
4,1/3/2022,CC  BofA,50.73,,Food
5,1/3/2022,CC  BofA,27.28,,Entertainment
6,1/3/2022,CC  BofA,14.29,,Entertainment
7,1/4/2022,CC  BofA,130.10,,Shopping
8,1/4/2022,CC  BofA,47.75,,Gas & Fuel
9,1/8/2022,CC  BofA,137.20,,Shopping
10,1/8/2022,CC  BofA,,74.00,Shopping
11,1/10/2022,CHK,143.72,,Utility
12,1/10/2022,CC  BofA,3.99,,Technology
13,1/10/2022,CC  BofA,6.39,,Shopping
14,1/10/2022,CC  BofA,8.57,,Shopping
15,1/10/2022,CC  AMEX,5.26,,Transportation
16,1/12/2022,CC  BofA,100.00,,Medical
17,1/13/2022,CC  AMEX,5.26,,Transportation
18,1/14/2022,CHK,,1000.00,Gift
19,1/14/2022,CC  BofA,,3.99,Technology
20,1/15/2022,CC  BofA,29.75,,Pet
21,1/15/2022,CC  BofA,69.18,,Food
22,1/15/2022,CC  BofA,,50.00,Shopping
23,1/17/2022,CC  BofA,32.16,,Food
24,1/17/2022,CC  BofA,20.16,,Gas & Fuel
25,1/17/2022,CC  BofA,2.00,,Transportation
26,1/19/2022,CC  BofA,15.23,,Food
27,1/19/2022,CC  BofA,11.69,,Food
28,1/19/2022,CC  BofA,8.66,,Shopping
29,1/21/2022,CC  BofA,1.08,,Food
30,1/21/2022,CC  BofA,47.32,,Food
31,1/21/2022,CC  BofA,4.33,,Food
32,1/21/2022,CC  BofA,11.74,,Food
33,1/21/2022,CC  BofA,28.00,,Travel
34,1/21/2022,CC  BofA,8.66,,Shopping
35,1/21/2022,CC  BofA,61.84,,Entertainment
36,1/24/2022,CC  BofA,85.66,,Food
37,1/24/2022,CC  BofA,26.82,,Food
38,1/24/2022,CC  BofA,20.65,,Shopping
39,1/26/2022,CC  BofA,125.00,,Medical
40,1/27/2022,CHK,1766.99,,Rent
41,1/31/2022,CC  BofA,16.08,,Hobby
42,1/31/2022,CC  BofA,39.78,,Gas & Fuel
43,1/31/2022,CC  BofA,56.09,,Food
44,1/31/2022,CC  BofA,28.74,,Food
45,1/31/2022,CC  BofA,45.46,,Food
46,2/2/2022,CC  BofA,49.95,,Insurance
47,2/3/2022,CHK,78.00,,Utility
48,2/3/2022,CC  BofA,76.41,,Pet
49,2/5/2022,CC  BofA,234.73,,Insurance
50,2/6/2022,CC  AMEX,99.00,,Fee
51,2/7/2022,CC  BofA,35.12,,Food
52,2/7/2022,CC  BofA,86.10,,Food
53,2/7/2022,CC  BofA,11.00,,Food
54,2/7/2022,CC  BofA,20.00,,Self Care
55,2/7/2022,CC  BofA,138.38,,Shopping
56,2/7/2022,CC  BofA,72.73,,Shopping
57,2/8/2022,CC  AMEX,1.61,,Transportation
58,2/9/2022,CHK,143.61,,Utility
59,2/9/2022,CC  BofA,60.00,,Medical
60,2/10/2022,CC  BofA,55.46,,Food
61,2/11/2022,CC  BofA,49.28,,Food
62,2/12/2022,CC  BofA,33.00,,Food
63,2/12/2022,CC  BofA,108.81,,Food
64,2/14/2022,CHK,50.00,,Entertainment
65,2/14/2022,CC  BofA,10.07,,Food
66,2/14/2022,CC  BofA,102.31,,Shopping
67,2/14/2022,CC  BofA,7.79,,Transportation
68,2/14/2022,CC  BofA,54.26,,Food
69,2/15/2022,CC  BofA,59.49,,Work
70,2/16/2022,CC  BofA,40.26,,Food
71,2/19/2022,CC  BofA,134.00,,Insurance
72,2/19/2022,CC  BofA,31.27,,Food
73,2/19/2022,CC  BofA,71.99,,Food
74,2/21/2022,CC  BofA,257.40,,Clothing
75,2/21/2022,CC  BofA,3.99,,Technology
76,2/21/2022,CC  BofA,16.75,,Food
77,2/21/2022,CC  BofA,74.42,,Shopping
78,2/21/2022,CC  BofA,24.63,,Transportation
79,2/21/2022,CC  BofA,298.00,,Gift
80,2/21/2022,CC  BofA,60.00,,Gift
81,2/21/2022,CC  BofA,8.34,,Food
82,2/22/2022,CHK,25.00,,Self Care
83,2/22/2022,CC  BofA,2.13,,Shopping
84,2/22/2022,CC  BofA,33.65,,Food
85,2/23/2022,CHK,54.54,,Utility
86,2/23/2022,CC  BofA,559.61,,Work
87,2/23/2022,CC  BofA,60.00,,Medical
88,2/23/2022,CC  BofA,14.81,,Food
89,2/24/2022,CHK,1757.18,,Rent
90,2/24/2022,CC  BofA,83.09,,Pet
91,2/24/2022,CC  BofA,59.76,,Entertainment
92,2/24/2022,CC  BofA,29.88,,Entertainment
93,2/24/2022,CC  BofA,46.32,,Food
94,2/24/2022,CC  BofA,14.75,,Food
95,2/25/2022,CC  BofA,17.90,,Transportation
96,2/26/2022,CC  BofA,11.58,,Food
97,2/26/2022,CC  BofA,10.97,,Food
98,2/28/2022,CC  BofA,34.25,,Shopping
99,2/28/2022,CC  BofA,14.99,,Shopping
100,2/28/2022,CC  BofA,300.26,,Shopping
101,2/28/2022,CC  BofA,26.42,,Shopping
102,3/1/2022,CC  BofA,16.08,,Entertainment
103,3/1/2022,CC  BofA,1454.46,,Auto
104,3/1/2022,CC  BofA,16.08,,Hobby
105,3/1/2022,CC  BofA,63.84,,Food
106,3/1/2022,CC  BofA,18.19,,Transportation
107,3/2/2022,CHK,,25.00,Entertainment
108,3/2/2022,CC  BofA,49.95,,Insurance
109,3/2/2022,CC  BofA,189.60,,Self Care
110,3/3/2022,CC  BofA,60.00,,Medical
111,3/3/2022,CC  BofA,17.96,,Food
112,3/3/2022,CC  BofA,24.71,,Food
113,3/4/2022,CC  BofA,16.06,,Transportation
114,3/5/2022,CC  BofA,30.86,,Personal
115,3/7/2022,CC  BofA,157.86,,Shopping
116,3/7/2022,CC  BofA,,90.52,Rewards
117,3/7/2022,CC  BofA,18.29,,Transportation
118,3/7/2022,CC  BofA,28.52,,Food
119,3/9/2022,CHK,143.61,,Utility
120,3/9/2022,CC  BofA,9.98,,Transportation
121,3/10/2022,CC  BofA,66.24,,Food
122,3/14/2022,CC  BofA,42.89,,Shopping
123,3/14/2022,CC  BofA,50.40,,Shopping
124,3/14/2022,CC  BofA,4.42,,Entertainment
125,3/14/2022,CC  BofA,13.60,,Shopping
126,3/14/2022,CC  BofA,48.12,,Food
127,3/15/2022,CHK,,50.00,Business Services
128,3/15/2022,CC  BofA,13.59,,Food
129,3/16/2022,CC  BofA,115.95,,Shopping
130,3/16/2022,CC  BofA,3.00,,Transportation
131,3/16/2022,CC  BofA,13.18,,Transportation
132,3/17/2022,CC  BofA,19.78,,Transportation
133,3/18/2022,CHK,,40.00,Entertainment
134,3/18/2022,CHK,42.87,,Utility
135,3/18/2022,CC  BofA,70.00,,Medical
136,3/18/2022,CC  BofA,60.00,,Medical
137,3/19/2022,CC  BofA,13.77,,Food
138,3/21/2022,CC  BofA,175.00,,Gym
139,3/21/2022,CC  BofA,128.89,,Pet
140,3/21/2022,CC  BofA,27.86,,Gym
141,3/21/2022,CC  BofA,51.80,,Food
142,3/21/2022,CC  BofA,9.67,,Shopping
143,3/21/2022,CC  BofA,61.90,,Fee
144,3/21/2022,CC  BofA,19.36,,Food
145,3/21/2022,CC  BofA,2.00,,Transportation
146,3/22/2022,CC  BofA,5.22,,Shopping
147,3/22/2022,CC  BofA,20.98,,Shopping
148,3/22/2022,CC  BofA,43.82,,Shopping
149,3/22/2022,CC  BofA,77.33,,Gas & Fuel
150,3/22/2022,CC  BofA,21.95,,Transportation
151,3/23/2022,CHK,,1000.00,Transfer
152,3/23/2022,CC  BofA,30.00,,Gym
153,3/23/2022,CC  BofA,33.84,,Food
154,3/23/2022,CC  BofA,9.96,,Entertainment
155,3/24/2022,CHK,20.00,,Entertainment
156,3/24/2022,CHK,1754.34,,Rent
157,3/24/2022,CC  BofA,35.00,,Shopping
158,3/24/2022,CC  CareCred,630.00,,Self Care
159,3/25/2022,CC  BofA,19.07,,Food
160,3/25/2022,CC  BofA,321.72,,Auto
161,3/25/2022,CC  BofA,35.00,,Medical
162,3/26/2022,CC  BofA,650.26,,Auto
163,3/26/2022,CC  BofA,115.00,,Gym
164,3/26/2022,CC  BofA,29.99,,Personal
165,3/26/2022,CC  BofA,160.45,,Clothing
166,3/26/2022,CC  BofA,318.46,,Pet
167,3/26/2022,CC  BofA,25.11,,Food
168,3/26/2022,CC  BofA,,52.51,Shopping
169,3/28/2022,CC  BofA,60.64,,Food
170,3/28/2022,CC  BofA,60.88,,Food
171,3/28/2022,CC  BofA,30.06,,Food
172,3/28/2022,CC  BofA,10.86,,Food
173,3/28/2022,CC  BofA,56.70,,Food
174,3/29/2022,CC  BofA,16.08,,Entertainment
175,3/30/2022,CHK,,952.00,Taxes
176,3/30/2022,CC  BofA,154.80,,Self Care
177,3/30/2022,CC  BofA,16.69,,Shopping
178,3/31/2022,CC  BofA,16.08,,Hobby
179,4/1/2022,CHK,144.00,,Donation
180,4/1/2022,CHK,,20.00,Entertainment
181,4/1/2022,CHK,15.00,,Entertainment
182,4/1/2022,CC  BofA,35.00,,Medical
183,4/1/2022,CC  BofA,23.07,,Food
184,4/2/2022,CC  BofA,49.95,,Insurance
185,4/2/2022,CC  BofA,10.71,,Shopping
186,4/2/2022,CC  BofA,32.16,,Shopping
187,4/4/2022,CHK,,20.00,Donation
188,4/4/2022,CC  BofA,64.63,,Shopping
189,4/4/2022,CC  BofA,53.30,,Food
190,4/4/2022,CC  BofA,423.48,,Hobby
191,4/4/2022,CC  BofA,242.64,,Hobby
192,4/5/2022,CC  BofA,58.76,,Entertainment
193,4/6/2022,CC  BofA,10.00,,Hobby
194,4/6/2022,CC  BofA,41.15,,Food
195,4/6/2022,CC  BofA,5.57,,Food
196,4/7/2022,CC  BofA,67.48,,Food
197,4/8/2022,CHK,143.61,,Utility
198,4/8/2022,CC  BofA,35.00,,Medical
199,4/9/2022,CC  BofA,28.96,,Food
200,4/9/2022,CC  BofA,13.63,,Food
201,4/11/2022,CC  BofA,10.00,,Gym
202,4/11/2022,CC  BofA,237.54,,Mom
203,4/11/2022,CC  BofA,641.24,,Mom
204,4/11/2022,CC  BofA,71.04,,Food
205,4/11/2022,CC  BofA,55.00,,Mom
206,4/11/2022,CC  BofA,55.00,,Mom
207,4/11/2022,CC  BofA,101.48,,Shopping
208,4/11/2022,CC  BofA,7.74,,Food
209,4/11/2022,CC  BofA,35.99,,Food
210,4/12/2022,CC  BofA,102.84,,Shopping
211,4/12/2022,CC  BofA,51.29,,Pet
212,4/12/2022,CC  BofA,19.30,,Food
213,4/13/2022,CC  BofA,,10.00,Gym
214,4/13/2022,CC  BofA,33.78,,Food
215,4/13/2022,CC  BofA,12.79,,Transportation
216,4/13/2022,CC  BofA,18.34,,Food
217,4/14/2022,CC  BofA,18.06,,Food
218,4/14/2022,CC  BofA,7.78,,Transportation
219,4/14/2022,CC  BofA,35.00,,Medical
220,4/15/2022,CHK,90.00,,Mom
221,4/15/2022,CC  BofA,14.66,,Transportation
222,4/15/2022,CC  CareCred,1527.60,,Medical
223,4/16/2022,CC  BofA,41.57,,Entertainment
224,4/16/2022,CC  BofA,13.93,,Entertainment
225,4/16/2022,CC  BofA,129.40,,Medical
226,4/16/2022,CC  BofA,13.53,,Transportation
227,4/16/2022,CC  BofA,6.22,,Entertainment
228,4/16/2022,CC  CareCred,1795.50,,Pet
229,4/18/2022,CHK,,3500.00,Transfer
230,4/18/2022,CC  BofA,58.92,,Shopping
231,4/18/2022,CC  BofA,26.65,,Food
232,4/18/2022,CC  BofA,6.99,,Transportation
233,4/19/2022,CHK,14.00,,Entertainment
234,4/20/2022,CHK,411.31,,Self Care
235,4/20/2022,CHK,146.40,,Self Care
236,4/20/2022,CC  BofA,10.97,,Transportation
237,4/20/2022,CC  CareCred,85.78,,Gas & Fuel
238,4/21/2022,CC  BofA,11.69,,Transportation
239,4/21/2022,CC  BofA,19.52,,Entertainment
240,4/22/2022,CHK,12.75,,Entertainment
241,4/22/2022,CC  BofA,35.00,,Medical
242,4/22/2022,CC  BofA,43.37,,Food
243,4/22/2022,CC  CareCred,250.00,,Self Care
244,4/22/2022,CC  CareCred,37.00,,Self Care
245,4/23/2022,CC  BofA,14.88,,Food
246,4/25/2022,CHK,,2000.00,Transfer
247,4/25/2022,CC  BofA,175.00,,Gym
248,4/25/2022,CC  BofA,29.99,,Personal
249,4/25/2022,CC  BofA,35.00,,Shopping
250,4/25/2022,CC  BofA,37.63,,Food
251,4/25/2022,CC  BofA,63.05,,Food
252,4/26/2022,CHK,1758.55,,Rent
253,4/26/2022,CC  BofA,49.00,,Hobby
254,4/26/2022,CC  BofA,27.63,,Hobby
255,4/26/2022,CC  BofA,15.57,,Food
256,4/26/2022,CC  BofA,14.99,,Transportation
257,4/27/2022,CC  BofA,30.90,,Donation
258,4/28/2022,CHK,39.07,,Utility
259,4/28/2022,CC  BofA,912.76,,Mom
260,4/28/2022,CC  BofA,12.52,,Food
261,4/28/2022,CC  BofA,74.87,,Pet
262,4/28/2022,CC  BofA,60.00,,Medical
263,4/29/2022,CC  BofA,16.08,,Entertainment
264,4/29/2022,CC  BofA,329.83,,Mom
265,4/29/2022,CC  BofA,9.89,,Mom
266,4/29/2022,CC  BofA,35.00,,Medical
267,4/30/2022,CC  BofA,16.08,,Hobby
268,4/30/2022,CC  BofA,20.37,,Shopping
269,4/30/2022,CC  BofA,12.88,,Food
270,4/30/2022,CC  BofA,64.36,,Food
271,5/2/2022,CC  BofA,6.04,,Food
272,5/2/2022,CC  BofA,20.00,,Donation
273,5/2/2022,CC  BofA,63.27,,Self Care
274,5/3/2022,CC  BofA,49.95,,Insurance
275,5/3/2022,CC  BofA,35.46,,Food
276,5/3/2022,CC  BofA,6.71,,Insurance
277,5/4/2022,CC  BofA,14.98,,Travel
278,5/4/2022,CC  BofA,17.73,,Transportation
279,5/6/2022,CHK,285.00,,Gift
280,5/6/2022,CHK,,50.00,Miscellaneous
281,5/6/2022,CC  BofA,299.60,,Travel
282,5/6/2022,CC  BofA,50.68,,Travel
283,5/6/2022,CC  BofA,8.56,,Shopping
284,5/6/2022,CC  BofA,55.64,,Gift
285,5/6/2022,CC  BofA,8.66,,Entertainment
286,5/6/2022,CC  BofA,12.04,,Entertainment
287,5/7/2022,CC  BofA,200.00,,Self Care
288,5/7/2022,CC  BofA,108.00,,Personal
289,5/7/2022,CC  BofA,32.18,,Hobby
290,5/7/2022,CC  BofA,29.98,,Travel
291,5/7/2022,CC  BofA,69.25,,Pet
292,5/7/2022,CC  BofA,123.04,,Food
293,5/7/2022,CC  CareCred,319.61,,Shopping
294,5/9/2022,CC  BofA,102.57,,Pet
295,5/9/2022,CC  BofA,83.64,,Shopping
296,5/9/2022,CC  BofA,200.21,,Mom
297,5/9/2022,CC  BofA,10.58,,Food
298,5/9/2022,CC  BofA,273.50,,Shopping
299,5/10/2022,CHK,,2500.00,Mom
300,5/10/2022,CHK,,20.00,Taxes
301,5/10/2022,CHK,143.57,,Utility
302,5/10/2022,CC  BofA,81.00,,Medical
303,5/10/2022,CC  BofA,183.00,,Medical
304,5/10/2022,CC  BofA,15.00,,Transportation
305,5/10/2022,CC  BofA,35.00,,Medical
306,5/10/2022,CC  BofA,5.00,,Miscellaneous
307,5/10/2022,CC  BofA,3.70,,Miscellaneous
308,5/10/2022,CC  BofA,16.95,,Transportation
309,5/11/2022,CHK,13.00,,Entertainment
310,5/12/2022,CC  BofA,23.14,,Shopping
311,5/13/2022,CC  BofA,16.99,,Transportation
312,5/13/2022,CC  BofA,35.00,,Medical
313,5/13/2022,CC  BofA,12.74,,Work
314,5/16/2022,CC  BofA,5.52,,Gift
315,5/17/2022,CHK,40.62,,Utility
316,5/17/2022,CC  BofA,42.45,,Food
317,5/18/2022,CC  BofA,17.40,,Transportation
318,5/19/2022,CC  BofA,566.70,,Travel
319,5/19/2022,CC  BofA,14.36,,Food
320,5/19/2022,CC  BofA,4.44,,Transportation
321,5/20/2022,CHK,,567.00,Travel
322,5/20/2022,CC  BofA,35.00,,Medical
323,5/23/2022,CC  BofA,36.28,,Food
324,5/23/2022,CC  BofA,99.37,,Utility
325,5/23/2022,CC  BofA,55.00,,Gym
326,5/23/2022,CC  BofA,12.75,,Food
327,5/24/2022,CC  BofA,5.36,,Food
328,5/25/2022,CC  BofA,175.00,,Gym
329,5/26/2022,CHK,,453.74,Work
330,5/26/2022,CC  CareCred,305.00,,Medical
331,5/27/2022,CHK,50.00,,Work
332,5/27/2022,CC  BofA,35.00,,Medical
333,5/27/2022,CC  BofA,5.70,,Food
334,5/28/2022,CC  BofA,18.31,,Food
335,5/30/2022,CC  BofA,16.08,,Hobby
336,5/30/2022,CC  BofA,21.99,,Transportation
337,6/1/2022,CHK,1760.51,,Rent
338,6/2/2022,CC  BofA,14.34,,Food
339,6/2/2022,CC  BofA,49.95,,Insurance
340,6/2/2022,CC  BofA,41.87,,Food
341,6/3/2022,CC  BofA,126.16,,Pet
342,6/3/2022,CC  CareCred,250.00,,Self Care
343,6/4/2022,CC  BofA,17.32,,Entertainment
344,6/4/2022,CC  BofA,184.68,,Entertainment
345,6/4/2022,CC  BofA,36.20,,Food
346,6/5/2022,CC  BofA,50.73,,Food
347,6/5/2022,CC  BofA,10.70,,Food
348,6/5/2022,CC  BofA,23.28,,Entertainment
349,6/6/2022,CC  BofA,,49.95,Insurance
350,6/7/2022,CHK,25.00,,Entertainment
351,6/8/2022,CHK,143.57,,Utility
352,6/8/2022,CC  BofA,15.53,,Food
353,6/9/2022,CHK,,143.57,Utility
354,6/9/2022,CC  BofA,3.77,,Household
355,6/9/2022,CC  BofA,7.01,,Household
356,6/9/2022,CC  BofA,35.00,,Medical
357,6/10/2022,CC  BofA,257.74,,Medical
358,6/10/2022,CC  BofA,4.90,,Gas & Fuel
359,6/10/2022,CC  BofA,96.49,,Entertainment
360,6/11/2022,CC  BofA,27.95,,Food
361,6/11/2022,CC  BofA,6.56,,Transportation
362,6/11/2022,CC  BofA,53.61,,Miscellaneous
363,6/12/2022,CC  BofA,23.22,,Household
364,6/13/2022,CC  BofA,10.00,,Personal
365,6/13/2022,CC  BofA,35.00,,Medical
366,6/14/2022,CC  BofA,23.14,,Shopping
367,6/15/2022,CC  BofA,45.90,,Gift
368,6/17/2022,CC  BofA,37.44,,Personal
369,6/17/2022,CC  BofA,26.74,,Personal
370,6/17/2022,CC  BofA,223.39,,Pet
371,6/17/2022,CC  BofA,107.25,,Personal
372,6/17/2022,CC  BofA,685.20,,Self Care
373,6/17/2022,CC  BofA,17.56,,Food
374,6/18/2022,CC  BofA,19.94,,Entertainment
375,6/19/2022,CC  BofA,17.45,,Transportation
376,6/19/2022,CC  BofA,56.24,,Gas & Fuel
377,6/21/2022,CHK,,20.00,Entertainment
378,6/21/2022,CC  BofA,20.78,,Entertainment
379,6/22/2022,CC  BofA,28.89,,Pet
380,6/23/2022,CC  BofA,13.98,,Entertainment
381,6/23/2022,CC  BofA,40.00,,Transportation
382,6/24/2022,CHK,,75.00,Entertainment
383,6/24/2022,CC  BofA,36.66,,Shopping
384,6/24/2022,CC  BofA,35.00,,Medical
385,6/25/2022,CC  BofA,27.32,,Entertainment
386,6/26/2022,CC  BofA,75.02,,Hobby
387,6/26/2022,CC  BofA,49.89,,Food
388,6/26/2022,CC  BofA,24.32,,Entertainment
389,6/27/2022,CHK,50.00,,Gift
390,6/27/2022,CC  BofA,356.60,,Hobby
391,6/27/2022,CC  BofA,21.34,,Hobby
392,6/28/2022,CC  BofA,97.63,,Shopping
393,6/28/2022,CC  BofA,13.72,,Personal
394,6/29/2022,CHK,1760.47,,Rent
395,6/30/2022,CHK,15.00,,Entertainment
396,6/30/2022,CC  BofA,15.72,,Transportation
397,6/30/2022,CC  BofA,30.00,,Transportation
398,7/1/2022,CHK,35.00,,Entertainment
399,7/2/2022,CC  BofA,223.48,,Utility
400,7/3/2022,CC  BofA,10.38,,Transportation
401,7/3/2022,CC  BofA,51.74,,Entertainment
402,7/3/2022,CC  BofA,10.00,,Transportation
403,7/3/2022,CC  BofA,5.00,,Entertainment
404,7/4/2022,CC  BofA,8.93,,Transportation
405,7/4/2022,CC  BofA,160.28,,Pet
406,7/5/2022,CHK,,4500.00,Transfer
407,7/5/2022,CHK,,30.00,Entertainment
408,7/5/2022,CC  BofA,93.10,,Shopping
409,7/5/2022,CC  BofA,18.60,,Food
410,7/6/2022,CHK,45.08,,Utility
411,7/6/2022,CC  BofA,22.30,,Food
412,7/7/2022,CC  BofA,,1.04,Rewards
413,7/7/2022,CC  BofA,35.00,,Medical
414,7/8/2022,CC  BofA,93.25,,Shopping
415,7/8/2022,CC  BofA,52.94,,Gas & Fuel
416,7/11/2022,CC  BofA,10.04,,Food
417,7/12/2022,CC  BofA,14.22,,Food
418,7/13/2022,CC  BofA,23.14,,Shopping
419,7/13/2022,CC  BofA,62.04,,Household
420,7/13/2022,CC  BofA,26.82,,Entertainment
421,7/13/2022,CC  BofA,12.45,,Entertainment
422,7/14/2022,CC  BofA,13.37,,Entertainment
423,7/15/2022,CC  BofA,10.69,,Personal
424,7/15/2022,CC  BofA,14.75,,Shopping
425,7/15/2022,CC  BofA,53.02,,Shopping
426,7/15/2022,CC  BofA,24.00,,Entertainment
427,7/16/2022,CC  BofA,11.66,,Entertainment
428,7/16/2022,CC  BofA,54.06,,Personal
429,7/16/2022,CC  BofA,60.00,,Personal
430,7/17/2022,CC  BofA,37.44,,Personal
431,7/17/2022,CC  BofA,26.74,,Personal
432,7/17/2022,CC  BofA,10.69,,Personal
433,7/17/2022,CC  BofA,17.15,,Entertainment
434,7/18/2022,CC  BofA,44.37,,Entertainment
435,7/19/2022,CC  BofA,25.24,,Entertainment
436,7/19/2022,CC  BofA,10.80,,Entertainment
437,7/20/2022,CHK,45.00,,Entertainment
438,7/21/2022,CC  BofA,19.01,,Entertainment
439,7/21/2022,CC  BofA,35.00,,Medical
440,7/21/2022,CC  BofA,60.00,,Medical
441,7/21/2022,CC  BofA,80.10,,Gas & Fuel
442,7/22/2022,CC  BofA,117.30,,Pet
443,7/22/2022,CC  BofA,30.00,,Medical
444,7/23/2022,CC  BofA,91.00,,Food
445,7/23/2022,CC  BofA,21.44,,Food
446,7/24/2022,CC  BofA,45.21,,Food
447,7/28/2022,CC  BofA,,10.71,Household
448,7/28/2022,CC  BofA,46.76,,Entertainment
449,7/28/2022,CC  BofA,106.79,,Shopping
450,7/28/2022,CC  BofA,4.10,,Shopping
451,7/29/2022,CC  BofA,13.17,,Entertainment
452,7/29/2022,CC  BofA,2.67,,Entertainment
453,7/29/2022,CC  BofA,15.54,,Food
454,7/30/2022,CC  BofA,27.91,,Personal
455,7/31/2022,CC  BofA,632.35,,Household
456,7/31/2022,CC  BofA,1569.06,,Household
457,7/31/2022,CC  BofA,82.23,,Pet
458,7/31/2022,CC  BofA,59.59,,Shopping
459,7/31/2022,CC  BofA,30.20,,Entertainment
460,8/1/2022,CHK,1756.00,,ATM
461,8/1/2022,CHK,508.00,,Travel
462,8/2/2022,CC  BofA,243.73,,Insurance
463,8/2/2022,CC  BofA,49.68,,Entertainment
464,8/3/2022,CC  BofA,35.00,,Medical
465,8/4/2022,CC  BofA,208.07,,Shopping
466,8/4/2022,CC  BofA,395.75,,Shopping
467,8/4/2022,CC  BofA,24.66,,Entertainment
468,8/4/2022,CC  BofA,4.56,,Entertainment
469,8/4/2022,CC  BofA,22.46,,Entertainment
470,8/4/2022,CC  BofA,7.31,,Entertainment
471,8/5/2022,CC  BofA,140.88,,Shopping
472,8/5/2022,CC  BofA,48.63,,Entertainment
473,8/7/2022,CC  BofA,9.30,,Entertainment
474,8/7/2022,CC  BofA,25.40,,Entertainment
475,8/8/2022,CC  BofA,274.96,,Hobby
476,8/9/2022,CHK,,1000.00,Gift
477,8/9/2022,CHK,49.27,,Utility
478,8/9/2022,CC  BofA,,75.08,Household
479,8/9/2022,CC  BofA,40.95,,Entertainment
480,8/9/2022,CC  BofA,49.74,,Entertainment
481,8/9/2022,CC  BofA,625.38,,Shopping
482,8/9/2022,CC  BofA,59.46,,Household
483,8/10/2022,CHK,,1500.00,Gift
484,8/11/2022,CHK,,1500.00,Gift
485,8/11/2022,CHK,31.23,,Household
486,8/11/2022,CC  BofA,17.43,,Entertainment
487,8/12/2022,CHK,,1500.00,Gift
488,8/12/2022,CHK,,0.15,Miscellaneous
489,8/13/2022,CC  BofA,123.33,,Clothing
490,8/13/2022,CC  BofA,8.92,,Entertainment
491,8/14/2022,CC  BofA,82.80,,Self Care
492,8/16/2022,CHK,,1500.00,Gift
493,8/16/2022,CC  BofA,23.14,,Household
494,8/17/2022,CC  BofA,390.42,,Utility
495,8/17/2022,CC  BofA,129.60,,Self Care
496,8/17/2022,CC  BofA,71.91,,Food
497,8/17/2022,CC  BofA,35.00,,Medical
498,8/17/2022,CC  BofA,74.32,,Transportation
499,8/18/2022,CHK,,1500.00,Gift
500,8/18/2022,CC  BofA,,140.86,Shopping
501,8/18/2022,CC  BofA,,395.75,Shopping
502,8/18/2022,CC  BofA,195.00,,Gym
503,8/19/2022,CHK,,1500.00,Gift
504,8/19/2022,CC  BofA,20.22,,Gas & Fuel
505,8/20/2022,CC  BofA,14.59,,Transportation
506,8/20/2022,CC  BofA,85.80,,Clothing
507,8/21/2022,CC  BofA,63.48,,Entertainment
508,8/21/2022,CC  BofA,40.89,,Household
509,8/21/2022,CC  BofA,40.92,,Shopping
510,8/23/2022,CHK,1500.00,,Withdrawal
511,8/23/2022,CC  BofA,2.44,,Miscellaneous
512,8/24/2022,CHK,200.00,,Pet
513,8/24/2022,CC  BofA,2.13,,Technology
514,8/24/2022,CC  BofA,5.89,,Travel
515,8/25/2022,CC  BofA,82.23,,Pet
516,8/25/2022,CC  BofA,,555.19,Shopping
517,8/26/2022,CC  BofA,7.99,,Entertainment
518,8/28/2022,CC  BofA,65.00,,Auto
519,8/31/2022,CC  BofA,35.00,,Medical
520,9/2/2022,CHK,,1500.00,Gift
521,9/2/2022,CC  BofA,,150.04,Household
522,9/2/2022,CC  BofA,,36.14,Household
523,9/3/2022,CC  BofA,80.98,,Food
524,9/4/2022,CC  BofA,100.80,,Shopping
525,9/6/2022,CC  BofA,,4.64,Household
526,9/6/2022,CC  BofA,40.52,,Shopping
527,9/6/2022,CC  BofA,17.78,,Household
528,9/6/2022,CC  BofA,35.00,,Medical
529,9/6/2022,CC  BofA,70.00,,Gym
530,9/7/2022,CHK,,1500.00,Gift
531,9/7/2022,CHK,1741.00,,Rent
532,9/8/2022,CHK,5000.00,,Savings
533,9/8/2022,CHK,48.73,,Utility
534,9/8/2022,CC  BofA,,143.42,Rewards
535,9/9/2022,CHK,,1500.00,Gift
536,9/9/2022,CHK,,1000.00,ATM
537,9/9/2022,CHK,60.00,,ATM
538,9/9/2022,CC  BofA,207.00,,Pet
539,9/13/2022,CC  BofA,27.41,,Household
540,9/13/2022,CC  BofA,2.14,,Miscellaneous
541,9/14/2022,CC  BofA,5.00,,Entertainment
542,9/14/2022,CC  BofA,35.00,,Medical
543,9/15/2022,CHK,,500.00,Gift
544,9/15/2022,CC  BofA,28.16,,Entertainment
545,9/16/2022,CHK,25.00,,Entertainment
546,9/16/2022,CC  BofA,41.84,,Food
547,9/16/2022,CC  BofA,23.14,,Shopping
548,9/16/2022,CC  BofA,25.00,,Entertainment
549,9/16/2022,CC  BofA,69.99,,Gas & Fuel
550,9/17/2022,CC  BofA,123.34,,Personal
551,9/19/2022,CHK,126.54,,Self Care
552,9/20/2022,CC  BofA,82.23,,Pet
553,9/21/2022,CC  BofA,10.71,,Personal
554,9/21/2022,CC  BofA,56.06,,Food
555,9/22/2022,CHK,4000.00,,Savings
556,9/22/2022,CC  BofA,43.16,,Work
557,9/24/2022,CC  BofA,624.70,,Travel
558,9/26/2022,CHK,200.00,,Bitcoin
559,9/26/2022,CHK,50.00,,Bitcoin
560,9/28/2022,CC  BofA,35.00,,Medical
561,9/30/2022,CHK,1000.00,,Savings
562,10/1/2022,CHK,10.00,,Shopping
563,10/1/2022,CC  BofA,10.73,,Shopping
564,10/1/2022,CC  BofA,403.00,,Shopping
565,10/1/2022,CC  BofA,69.98,,Hobby
566,10/1/2022,CC  BofA,35.00,,Medical
567,10/1/2022,CC  BofA,12.09,,Fee
568,10/2/2022,CC  BofA,22.79,,Food
569,10/2/2022,CC  BofA,10.00,,Gym
570,10/4/2022,CC  BofA,11.95,,Transportation
571,10/5/2022,CC  BofA,66.90,,Work
572,10/6/2022,CHK,,300.00,Gift
573,10/6/2022,CHK,1768.27,,Rent
574,10/6/2022,CHK,250.00,,Bitcoin
575,10/8/2022,CC  BofA,54.95,,Shopping
576,10/8/2022,CC  BofA,10.00,,Gym
577,10/9/2022,CC  BofA,6.66,,Food
578,10/9/2022,CC  BofA,10.00,,Gym
579,10/11/2022,CHK,44.46,,Utility
580,10/11/2022,CHK,1.99,,Bitcoin
581,10/11/2022,CC  BofA,105.61,,Pet
582,10/11/2022,CC  BofA,7.27,,Entertainment
583,10/12/2022,CC  BofA,28.78,,Entertainment
584,10/12/2022,CC  BofA,32.30,,Entertainment
585,10/12/2022,CC  BofA,35.00,,Medical
586,10/14/2022,CC  BofA,35.00,,Medical
587,10/15/2022,CC  BofA,10.00,,Household
588,10/15/2022,CC  BofA,13.68,,Transportation
589,10/15/2022,CC  BofA,85.00,,Gym
590,10/17/2022,CHK,217.59,,Miscellaneous
591,10/17/2022,CC  BofA,7.73,,Entertainment
592,10/17/2022,CC  BofA,597.00,,Education
593,10/18/2022,CC  BofA,35.50,,Entertainment
594,10/19/2022,CC  BofA,24.28,,Household
595,10/19/2022,CC  BofA,35.00,,Medical
596,10/20/2022,CHK,250.00,,Bitcoin
597,10/20/2022,CC  BofA,60.07,,Food
598,10/22/2022,CC  BofA,30.61,,Food
599,10/22/2022,CC  BofA,143.74,,Household
600,10/22/2022,CC  BofA,6.59,,Gas & Fuel
601,10/22/2022,CC  BofA,85.00,,Gym
602,10/24/2022,CHK,270.00,,Entertainment
603,10/24/2022,CC  BofA,195.00,,Gym
604,10/25/2022,CC  BofA,58.65,,Pet
605,10/25/2022,CC  BofA,10.00,,Gym
606,10/26/2022,CC  BofA,35.00,,Medical
607,10/28/2022,CC  BofA,,54.95,Shopping
608,10/28/2022,CC  BofA,52.55,,Education
609,10/28/2022,CC  BofA,172.94,,Entertainment
610,10/28/2022,CC  BofA,20.00,,Entertainment
611,10/28/2022,CC  BofA,58.75,,Entertainment
612,10/28/2022,CC  BofA,12.86,,Entertainment
613,10/29/2022,CC  BofA,2.92,,Transportation
614,10/29/2022,CC  BofA,20.00,,Transportation
615,10/29/2022,CC  BofA,15.00,,Gym
616,10/30/2022,CC  BofA,25.00,,Entertainment
617,10/31/2022,CHK,9.99,,Entertainment
618,10/31/2022,CC  BofA,,33.67,Miscellaneous
619,10/31/2022,CC  BofA,,95.88,Miscellaneous
620,10/31/2022,CC  BofA,,70.39,Miscellaneous
621,10/31/2022,CC  BofA,95.88,,Miscellaneous
622,10/31/2022,CC  BofA,70.39,,Miscellaneous
623,10/31/2022,CC  BofA,33.67,,Miscellaneous
624,11/1/2022,CHK,72.00,,Entertainment
625,11/2/2022,CHK,,180.00,Entertainment
626,11/3/2022,CHK,160.00,,Shopping
627,11/3/2022,CHK,41.61,,Entertainment
628,11/3/2022,CHK,1769.72,,Rent
629,11/4/2022,CHK,82.23,,Pet
630,11/7/2022,CHK,3.11,,Shopping
631,11/7/2022,CHK,750.00,,Savings
632,11/8/2022,CHK,200.00,,Bitcoin
633,11/9/2022,CHK,40.26,,Utility
634,11/11/2022,CC  BofA,6.60,,Food
635,11/12/2022,CC  BofA,,3.00,Miscellaneous
636,11/12/2022,CC  BofA,,3.00,Miscellaneous
637,11/12/2022,CC  BofA,3.00,,Miscellaneous
638,11/12/2022,CC  BofA,3.00,,Miscellaneous
639,11/14/2022,CHK,,1000.00,Transfer
640,11/15/2022,CHK,1000.00,,Savings
641,11/17/2022,CHK,45.51,,Entertainment
642,11/17/2022,CHK,37.12,,Entertainment
643,11/21/2022,CHK,25.16,,Entertainment
644,11/30/2022,CC  BofA,,35.00,Miscellaneous
645,11/30/2022,CC  BofA,,35.00,Miscellaneous
646,11/30/2022,CC  BofA,35.00,,Miscellaneous
647,11/30/2022,CC  BofA,35.00,,Miscellaneous
648,11/30/2022,CC  BofA,35.00,,Medical
649,12/1/2022,CC  BofA,41.64,,Food
650,12/2/2022,CHK,1780.44,,Rent
651,12/2/2022,CC  BofA,52.02,,Food
652,12/2/2022,CC  BofA,29.80,,Gift
653,12/2/2022,CC  BofA,139.37,,Gift
654,12/4/2022,CC  BofA,,13.63,Household
655,12/4/2022,CC  BofA,68.09,,Gift
656,12/6/2022,CC  BofA,3.92,,Entertainment
657,12/6/2022,CC  BofA,35.00,,Medical
658,12/7/2022,CHK,41.36,,Utility
659,12/8/2022,CC  BofA,70.00,,Medical
660,12/8/2022,CC  BofA,129.60,,Self Care
661,12/8/2022,CC  BofA,36.15,,Food
662,12/15/2022,CC  BofA,30.30,,Food
663,12/19/2022,CHK,188.00,,Entertainment
664,12/19/2022,CHK,135.00,,Entertainment
665,12/19/2022,CC  BofA,11.78,,Technology
666,12/19/2022,CC  BofA,16.02,,Food
667,12/20/2022,CHK,,500.00,Gift
668,12/20/2022,CC  BofA,16.41,,Food
669,12/21/2022,CHK,4000.00,,Savings
670,12/22/2022,CC  BofA,6.60,,Food
671,12/22/2022,CC  BofA,75.23,,Entertainment
672,12/24/2022,CC  BofA,0.62,,Transportation
673,12/24/2022,CC  BofA,20.00,,Transportation
674,12/24/2022,CC  BofA,36.25,,Entertainment
675,12/24/2022,CC  BofA,16.64,,Entertainment
676,12/25/2022,CC  BofA,8.99,,Transportation
677,12/25/2022,CC  BofA,25.00,,Food
678,12/26/2022,CC  BofA,22.99,,Pet
679,12/26/2022,CC  BofA,6.24,,Travel
680,12/26/2022,CC  BofA,62.40,,Gift
681,12/26/2022,CC  BofA,20.00,,Pet
682,12/26/2022,CC  BofA,188.51,,Shopping
683,12/26/2022,CC  BofA,23.69,,Travel
684,12/27/2022,CHK,1000.00,,Savings
685,12/27/2022,CC  BofA,35.00,,Medical
686,12/28/2022,CC  BofA,20.00,,Pet
687,12/28/2022,CC  BofA,4.00,,Pet
688,12/29/2022,CC  BofA,22.99,,Pet
689,12/29/2022,CC  BofA,5.00,,Pet
690,12/30/2022,CHK,82.23,,Pet
691,12/30/2022,CC  BofA,39.14,,Food
692,12/30/2022,CC  BofA,32.93,,Food
693,12/31/2022,CC  BofA,69.71,,Self Care
