Date,Account,Debit,Credit,Category,Month,Year
2021-01-02,CC - BofA,0.0,127.79,Shopping,1,2021
2021-01-02,CC - AMEX,18.29,0.0,Entertainment,1,2021
2021-01-04,CHK,0.0,450.88,Rent,1,2021
2021-01-04,CHK,0.0,600.0,Taxes,1,2021
2021-01-04,CHK,0.0,19.3,Utility,1,2021
2021-01-04,CC - BofA,65.0,0.0,Food,1,2021
2021-01-04,CC - BofA,46.64,0.0,Gas & Fuel,1,2021
2021-01-04,CC - BofA,156.63,0.0,Gift,1,2021
2021-01-05,CHK,75.0,0.0,Gift,1,2021
2021-01-05,CC - BofA,51.5,0.0,Medical,1,2021
2021-01-05,CC - BofA,16.08,0.0,Hobby,1,2021
2021-01-06,CC - BofA,80.68,0.0,Pet,1,2021
2021-01-07,CC - BofA,10.0,0.0,Self Care,1,2021
2021-01-07,CC - BofA,50.0,0.0,Self Care,1,2021
2021-01-08,CHK,132.68,0.0,Utility,1,2021
2021-01-08,CC - BofA,43.16,0.0,Entertainment,1,2021
2021-01-11,CC - BofA,14.99,0.0,Shopping,1,2021
2021-01-15,CC - BofA,975.0,0.0,Business Services,1,2021
2021-01-18,CC - BofA,20.75,0.0,Food,1,2021
2021-01-18,CC - BofA,205.2,0.0,Self Care,1,2021
2021-01-18,CC - BofA,37.54,0.0,Self Care,1,2021
2021-01-18,CC - BofA,37.96,0.0,Shopping,1,2021
2021-01-18,CC - BofA,110.94,0.0,Food,1,2021
2021-01-19,CHK,0.0,150.0,Gift,1,2021
2021-01-19,CC - BofA,51.5,0.0,Medical,1,2021
2021-01-19,CC - AMEX,12.93,0.0,Entertainment,1,2021
2021-01-22,CHK,91.43,0.0,Utility,1,2021
2021-01-23,CC - AMEX,15.23,0.0,Entertainment,1,2021
2021-01-25,CC - BofA,50.15,0.0,Food,1,2021
2021-01-25,CC - BofA,9.67,0.0,Entertainment,1,2021
2021-01-25,CC - BofA,50.88,0.0,Gas & Fuel,1,2021
2021-01-25,CC - BofA,57.89,0.0,Entertainment,1,2021
2021-01-26,CHK,11.0,0.0,Entertainment,1,2021
2021-01-26,CC - BofA,80.68,0.0,Pet,1,2021
2021-01-27,CC - BofA,39.75,0.0,Shopping,1,2021
2021-01-29,CC - BofA,41.81,0.0,Entertainment,1,2021
2021-01-30,CC - BofA,101.38,0.0,Entertainment,1,2021
2021-01-30,CC - BofA,163.3,0.0,Self Care,1,2021
2021-02-03,CHK,201.08,0.0,Insurance,2,2021
2021-02-04,CC - BofA,51.5,0.0,Medical,2,2021
2021-02-04,CC - BofA,16.08,0.0,Hobby,2,2021
2021-02-04,CC - AMEX,7.3,0.0,Entertainment,2,2021
2021-02-05,CC - BofA,31.11,0.0,Business Services,2,2021
2021-02-05,CC - AMEX,99.0,0.0,Fee,2,2021
2021-02-06,CC - BofA,29.44,0.0,Food,2,2021
2021-02-08,CHK,0.0,450.88,Rent,2,2021
2021-02-08,CHK,0.0,20.8,Utility,2,2021
2021-02-08,CHK,0.0,20.52,Utility,2,2021
2021-02-08,CHK,0.0,18.42,Utility,2,2021
2021-02-08,CHK,0.0,18.22,Utility,2,2021
2021-02-08,CHK,0.0,6.16,Utility,2,2021
2021-02-08,CC - BofA,25.68,0.0,Entertainment,2,2021
2021-02-08,CC - BofA,69.4,0.0,Entertainment,2,2021
2021-02-09,CHK,0.0,63.0,Entertainment,2,2021
2021-02-09,CC - BofA,98.96,0.0,Food,2,2021
2021-02-09,CC - BofA,30.56,0.0,Shopping,2,2021
2021-02-09,CC - AMEX,7.56,0.0,Entertainment,2,2021
2021-02-10,CHK,98.85,0.0,Utility,2,2021
2021-02-10,CC - BofA,111.0,0.0,Medical,2,2021
2021-02-10,CC - BofA,53.03,0.0,Entertainment,2,2021
2021-02-13,CC - BofA,21.45,0.0,Business Services,2,2021
2021-02-15,CC - BofA,80.09,0.0,Pet,2,2021
2021-02-15,CC - BofA,975.0,0.0,Business Services,2,2021
2021-02-19,CC - BofA,19.24,0.0,Entertainment,2,2021
2021-02-19,CC - BofA,50.0,0.0,Medical,2,2021
2021-02-19,CC - BofA,48.72,0.0,Entertainment,2,2021
2021-02-22,CHK,0.0,25.0,Food,2,2021
2021-02-22,CC - BofA,110.08,0.0,Food,2,2021
2021-02-22,CC - BofA,31.83,0.0,Food,2,2021
2021-02-22,CC - BofA,12.96,0.0,Entertainment,2,2021
2021-02-23,CHK,119.01,0.0,Utility,2,2021
2021-02-24,CC - BofA,21.38,0.0,Shopping,2,2021
2021-02-25,CC - BofA,99.95,0.0,Insurance,2,2021
2021-02-26,CC - BofA,190.65,0.0,Insurance,2,2021
2021-02-26,CC - BofA,10.0,0.0,Insurance,2,2021
2021-02-26,CC - BofA,50.0,0.0,Medical,2,2021
2021-02-28,CC - AMEX,0.5,0.0,Transportation,2,2021
2021-03-01,CHK,1.0,0.0,Miscellaneous,3,2021
2021-03-01,CC - BofA,45.28,0.0,Food,3,2021
2021-03-02,CHK,25.0,0.0,Gift,3,2021
2021-03-02,CC - BofA,0.0,39.75,Shopping,3,2021
2021-03-02,CC - BofA,96.11,0.0,Entertainment,3,2021
2021-03-02,CC - BofA,62.0,0.0,Gas & Fuel,3,2021
2021-03-03,CC - BofA,54.3,0.0,Food,3,2021
2021-03-04,CC - BofA,82.74,0.0,Entertainment,3,2021
2021-03-04,CC - BofA,50.0,0.0,Medical,3,2021
2021-03-05,CC - BofA,102.39,0.0,Travel,3,2021
2021-03-05,CC - BofA,49.21,0.0,Gift,3,2021
2021-03-06,CC - BofA,71.91,0.0,Entertainment,3,2021
2021-03-06,CC - BofA,16.08,0.0,Hobby,3,2021
2021-03-06,CC - BofA,23.54,0.0,Shopping,3,2021
2021-03-08,CC - BofA,5.97,0.0,Entertainment,3,2021
2021-03-08,CC - BofA,14.98,0.0,Gas & Fuel,3,2021
2021-03-08,CC - BofA,16.62,0.0,Entertainment,3,2021
2021-03-08,CC - BofA,46.47,0.0,Entertainment,3,2021
2021-03-08,CC - BofA,9.94,0.0,Transportation,3,2021
2021-03-08,CC - BofA,98.4,0.0,Self Care,3,2021
2021-03-09,CC - BofA,57.34,0.0,Gas & Fuel,3,2021
2021-03-10,CHK,0.0,450.88,Rent,3,2021
2021-03-10,CHK,132.79,0.0,Utility,3,2021
2021-03-12,CC - BofA,52.79,0.0,Medical,3,2021
2021-03-15,CHK,20.0,0.0,Gift,3,2021
2021-03-15,CHK,50.0,0.0,Gift,3,2021
2021-03-15,CHK,0.0,20.0,Utility,3,2021
2021-03-15,CHK,35.52,0.0,Utility,3,2021
2021-03-17,CHK,0.0,1400.0,Taxes,3,2021
2021-03-18,CC - BofA,22.76,0.0,Shopping,3,2021
2021-03-19,CC - BofA,10.0,0.0,Donation,3,2021
2021-03-20,CC - BofA,43.97,0.0,Entertainment,3,2021
2021-03-22,CC - BofA,40.79,0.0,Self Care,3,2021
2021-03-23,CHK,110.67,0.0,Utility,3,2021
2021-03-25,CHK,60.05,0.0,Entertainment,3,2021
2021-03-25,CC - BofA,58.65,0.0,Pet,3,2021
2021-03-25,CC - BofA,10.83,0.0,Entertainment,3,2021
2021-03-26,CC - BofA,13.33,0.0,Entertainment,3,2021
2021-03-27,CC - BofA,164.77,0.0,Insurance,3,2021
2021-03-27,CC - BofA,10.0,0.0,Insurance,3,2021
2021-03-28,CC - AMEX,7.09,0.0,Entertainment,3,2021
2021-03-29,CC - BofA,14.99,0.0,Food,3,2021
2021-03-29,CC - BofA,10.14,0.0,Entertainment,3,2021
2021-03-31,CC - AMEX,10.54,0.0,Entertainment,3,2021
2021-04-01,CC - BofA,26.4,0.0,Entertainment,4,2021
2021-04-01,CC - Kohls,546.96,0.0,Shopping,4,2021
2021-04-01,CC - Kohls,200.0,0.0,Gift,4,2021
2021-04-02,CHK,1051.62,0.0,Rent,4,2021
2021-04-02,CC - BofA,49.95,0.0,Insurance,4,2021
2021-04-02,CC - BofA,67.36,0.0,Food,4,2021
2021-04-02,CC - BofA,74.75,0.0,Food,4,2021
2021-04-03,CC - BofA,26.0,0.0,Entertainment,4,2021
2021-04-03,CC - CareCred,29.0,0.0,Fee,4,2021
2021-04-05,CHK,19.0,0.0,Entertainment,4,2021
2021-04-05,CC - BofA,0.75,0.0,Fee,4,2021
2021-04-05,CC - BofA,25.0,0.0,Miscellaneous,4,2021
2021-04-05,CC - BofA,16.08,0.0,Hobby,4,2021
2021-04-07,CC - CareCred,0.0,680.0,Pet,4,2021
2021-04-08,CHK,132.79,0.0,Utility,4,2021
2021-04-10,CC - BofA,7.41,0.0,Entertainment,4,2021
2021-04-10,CC - BofA,7.91,0.0,Entertainment,4,2021
2021-04-10,CC - AMEX,16.76,0.0,Entertainment,4,2021
2021-04-12,CC - BofA,30.98,0.0,Entertainment,4,2021
2021-04-13,CC - BofA,58.65,0.0,Pet,4,2021
2021-04-15,CC - BofA,7.58,0.0,Self Care,4,2021
2021-04-16,CHK,0.0,521.88,Rent,4,2021
2021-04-16,CC - AMEX,6.97,0.0,Entertainment,4,2021
2021-04-16,CC - AMEX,5.34,0.0,Hobby,4,2021
2021-04-17,CC - BofA,30.53,0.0,Entertainment,4,2021
2021-04-17,CC - BofA,30.46,0.0,Entertainment,4,2021
2021-04-19,CC - BofA,54.68,0.0,Food,4,2021
2021-04-19,CC - BofA,64.69,0.0,Food,4,2021
2021-04-19,CC - BofA,109.12,0.0,Entertainment,4,2021
2021-04-19,CC - BofA,152.4,0.0,Self Care,4,2021
2021-04-20,CC - BofA,51.51,0.0,Gas & Fuel,4,2021
2021-04-21,CHK,0.0,5.0,Miscellaneous,4,2021
2021-04-21,CHK,5.0,0.0,Miscellaneous,4,2021
2021-04-22,CC - BofA,29.33,0.0,Shopping,4,2021
2021-04-26,CC - BofA,15.29,0.0,Shopping,4,2021
2021-04-26,CC - BofA,10.83,0.0,Entertainment,4,2021
2021-04-26,CC - BofA,10.52,0.0,Transportation,4,2021
2021-04-26,CC - BofA,109.35,0.0,Gift,4,2021
2021-04-27,CC - BofA,164.77,0.0,Insurance,4,2021
2021-04-27,CC - BofA,10.0,0.0,Insurance,4,2021
2021-04-28,CC - BofA,18.06,0.0,Shopping,4,2021
2021-04-28,CC - BofA,21.44,0.0,Shopping,4,2021
2021-04-29,CC - BofA,93.55,0.0,Pet,4,2021
2021-04-30,CHK,1081.24,0.0,Rent,4,2021
2021-05-01,CC - BofA,25.72,0.0,Shopping,5,2021
2021-05-03,CHK,0.0,521.88,Rent,5,2021
2021-05-03,CC - BofA,49.95,0.0,Insurance,5,2021
2021-05-03,CC - BofA,10.4,0.0,Food,5,2021
2021-05-03,CC - CareCred,40.0,0.0,Fee,5,2021
2021-05-05,CC - BofA,16.08,0.0,Hobby,5,2021
2021-05-06,CC - CareCred,0.0,69.0,Fee,5,2021
2021-05-06,CC - AMEX,7.7,0.0,Entertainment,5,2021
2021-05-08,CC - BofA,23.11,0.0,Entertainment,5,2021
2021-05-08,CC - BofA,45.0,0.0,Self Care,5,2021
2021-05-10,CHK,31.0,0.0,Gift,5,2021
2021-05-10,CHK,1730.0,0.0,Taxes,5,2021
2021-05-10,CHK,585.0,0.0,Taxes,5,2021
2021-05-10,CHK,132.82,0.0,Utility,5,2021
2021-05-10,CHK,0.0,27.84,Utility,5,2021
2021-05-10,CHK,0.0,21.69,Utility,5,2021
2021-05-10,CHK,0.0,20.65,Utility,5,2021
2021-05-10,CHK,0.0,19.52,Utility,5,2021
2021-05-10,CHK,0.0,18.74,Utility,5,2021
2021-05-10,CHK,0.0,17.76,Utility,5,2021
2021-05-10,CHK,0.0,12.83,Utility,5,2021
2021-05-10,CC - BofA,56.53,0.0,Food,5,2021
2021-05-10,CC - BofA,11.96,0.0,Entertainment,5,2021
2021-05-11,CC - BofA,0.0,15.29,Shopping,5,2021
2021-05-11,CC - BofA,0.0,0.43,Food,5,2021
2021-05-11,CC - BofA,63.02,0.0,Food,5,2021
2021-05-17,CC - BofA,80.09,0.0,Pet,5,2021
2021-05-18,CC - BofA,24.3,0.0,Entertainment,5,2021
2021-05-19,CC - BofA,16.0,0.0,Entertainment,5,2021
2021-05-19,CC - BofA,41.97,0.0,Shopping,5,2021
2021-05-19,CC - BofA,165.2,0.0,Entertainment,5,2021
2021-05-19,CC - BofA,80.36,0.0,Entertainment,5,2021
2021-05-20,CC - BofA,75.6,0.0,Entertainment,5,2021
2021-05-21,CC - BofA,41.77,0.0,Entertainment,5,2021
2021-05-22,CC - BofA,36.29,0.0,Food,5,2021
2021-05-24,CHK,50.0,0.0,Gas & Fuel,5,2021
2021-05-24,CC - BofA,8.54,0.0,Food,5,2021
2021-05-24,CC - BofA,6.0,0.0,Transportation,5,2021
2021-05-24,CC - BofA,60.02,0.0,Shopping,5,2021
2021-05-24,CC - BofA,37.73,0.0,Gas & Fuel,5,2021
2021-05-24,CC - BofA,53.48,0.0,Gas & Fuel,5,2021
2021-05-24,CC - BofA,38.52,0.0,Food,5,2021
2021-05-24,CC - BofA,8.32,0.0,Shopping,5,2021
2021-05-25,CHK,176.96,0.0,Utility,5,2021
2021-05-25,CC - BofA,26.44,0.0,Entertainment,5,2021
2021-05-27,CC - BofA,21.92,0.0,Entertainment,5,2021
2021-05-27,CC - BofA,164.77,0.0,Insurance,5,2021
2021-05-27,CC - BofA,10.0,0.0,Insurance,5,2021
2021-05-28,CC - BofA,10.55,0.0,Entertainment,5,2021
2021-05-29,CC - BofA,0.0,164.77,Insurance,5,2021
2021-05-29,CC - BofA,50.0,0.0,Donation,5,2021
2021-05-29,CC - BofA,19.26,0.0,Food,5,2021
2021-05-29,CC - BofA,33.88,0.0,Food,5,2021
2021-05-29,CC - BofA,0.0,10.0,Insurance,5,2021
2021-05-29,CC - BofA,19.1,0.0,Food,5,2021
2021-05-29,CC - BofA,102.5,0.0,Self Care,5,2021
2021-05-29,CC - BofA,68.03,0.0,Food,5,2021
2021-05-31,CC - BofA,2.98,0.0,Entertainment,5,2021
2021-05-31,CC - BofA,7.8,0.0,Entertainment,5,2021
2021-05-31,CC - BofA,38.68,0.0,Shopping,5,2021
2021-06-01,CHK,0.0,521.88,Rent,6,2021
2021-06-01,CC - BofA,26.73,0.0,Entertainment,6,2021
2021-06-01,CC - BofA,41.0,0.0,Entertainment,6,2021
2021-06-02,CHK,0.0,75.6,Entertainment,6,2021
2021-06-02,CHK,1087.51,0.0,Rent,6,2021
2021-06-02,CC - BofA,49.95,0.0,Insurance,6,2021
2021-06-03,CC - BofA,80.09,0.0,Pet,6,2021
2021-06-04,CHK,20.0,0.0,Gift,6,2021
2021-06-04,CC - BofA,16.08,0.0,Hobby,6,2021
2021-06-07,CHK,0.0,45.0,Entertainment,6,2021
2021-06-07,CC - BofA,15.26,0.0,Entertainment,6,2021
2021-06-07,CC - BofA,16.4,0.0,Entertainment,6,2021
2021-06-08,CC - BofA,0.0,4.16,Shopping,6,2021
2021-06-09,CHK,132.82,0.0,Utility,6,2021
2021-06-09,CC - CareCred,310.0,0.0,Pet,6,2021
2021-06-11,CHK,103.0,0.0,Entertainment,6,2021
2021-06-11,CHK,2.5,0.0,Fee,6,2021
2021-06-11,CC - BofA,32.31,0.0,Pet,6,2021
2021-06-11,CC - BofA,58.17,0.0,Gas & Fuel,6,2021
2021-06-12,CC - BofA,39.67,0.0,Shopping,6,2021
2021-06-14,CC - BofA,180.0,0.0,Medical,6,2021
2021-06-17,CHK,0.0,500.0,Transfer,6,2021
2021-06-19,CC - BofA,10.84,0.0,Entertainment,6,2021
2021-06-19,CC - BofA,70.09,0.0,Food,6,2021
2021-06-21,CHK,0.0,50.0,Entertainment,6,2021
2021-06-21,CHK,0.0,50.0,Entertainment,6,2021
2021-06-21,CC - BofA,58.65,0.0,Pet,6,2021
2021-06-22,CC - BofA,35.26,0.0,Shopping,6,2021
2021-06-22,CC - BofA,50.0,0.0,Medical,6,2021
2021-06-23,CHK,96.95,0.0,Utility,6,2021
2021-06-25,CHK,15.0,0.0,Donation,6,2021
2021-06-28,CC - BofA,32.45,0.0,Entertainment,6,2021
2021-06-28,CC - BofA,2.92,0.0,Transportation,6,2021
2021-06-29,CC - BofA,43.16,0.0,Food,6,2021
2021-07-02,CHK,0.0,521.88,Rent,7,2021
2021-07-02,CHK,1082.83,0.0,Rent,7,2021
2021-07-02,CC - BofA,49.95,0.0,Insurance,7,2021
2021-07-03,CC - BofA,63.28,0.0,Gas & Fuel,7,2021
2021-07-03,CC - AMEX,1.06,0.0,Hobby,7,2021
2021-07-03,CC - AMEX,10.69,0.0,Hobby,7,2021
2021-07-05,CC - BofA,16.08,0.0,Hobby,7,2021
2021-07-05,CC - BofA,24.14,0.0,Food,7,2021
2021-07-05,CC - BofA,98.4,0.0,Self Care,7,2021
2021-07-07,CC - BofA,6.43,0.0,Entertainment,7,2021
2021-07-08,CHK,132.82,0.0,Utility,7,2021
2021-07-09,CC - BofA,58.65,0.0,Pet,7,2021
2021-07-12,CHK,0.0,47.0,Entertainment,7,2021
2021-07-12,CHK,45.0,0.0,Entertainment,7,2021
2021-07-12,CHK,50.0,0.0,Gift,7,2021
2021-07-12,CC - BofA,34.52,0.0,Entertainment,7,2021
2021-07-14,CHK,20.0,0.0,Gift,7,2021
2021-07-19,CC - BofA,19.82,0.0,Travel,7,2021
2021-07-19,CC - BofA,356.3,0.0,Travel,7,2021
2021-07-19,CC - BofA,9.54,0.0,Entertainment,7,2021
2021-07-19,CC - BofA,10.69,0.0,Hobby,7,2021
2021-07-19,CC - BofA,10.69,0.0,Hobby,7,2021
2021-07-19,CC - BofA,5.34,0.0,Hobby,7,2021
2021-07-19,CC - BofA,18.94,0.0,Transportation,7,2021
2021-07-23,CC - BofA,335.3,0.0,Travel,7,2021
2021-07-23,CC - BofA,51.13,0.0,Entertainment,7,2021
2021-07-23,CC - BofA,22.46,0.0,Entertainment,7,2021
2021-07-24,CC - BofA,26.31,0.0,Transportation,7,2021
2021-07-26,CHK,90.0,0.0,Entertainment,7,2021
2021-07-26,CHK,6.0,0.0,Shopping,7,2021
2021-07-26,CC - BofA,39.0,0.0,Gas & Fuel,7,2021
2021-07-26,CC - BofA,71.04,0.0,Food,7,2021
2021-07-27,CHK,104.56,0.0,Utility,7,2021
2021-07-27,CC - BofA,58.65,0.0,Pet,7,2021
2021-07-28,CC - BofA,0.0,34.32,Rewards,7,2021
2021-07-29,CC - BofA,10.69,0.0,Hobby,7,2021
2021-07-30,CHK,0.0,521.88,Rent,7,2021
2021-08-02,CHK,1085.55,0.0,Rent,8,2021
2021-08-02,CC - BofA,201.08,0.0,Insurance,8,2021
2021-08-02,CC - BofA,195.0,0.0,Medical,8,2021
2021-08-03,CC - BofA,49.95,0.0,Insurance,8,2021
2021-08-03,CC - BofA,16.08,0.0,Hobby,8,2021
2021-08-03,CC - BofA,9.75,0.0,Transportation,8,2021
2021-08-06,CHK,20.0,0.0,Gift,8,2021
2021-08-06,CHK,0.0,39.67,Utility,8,2021
2021-08-06,CHK,0.0,24.78,Utility,8,2021
2021-08-06,CHK,0.0,21.88,Utility,8,2021
2021-08-06,CHK,0.0,20.98,Utility,8,2021
2021-08-06,CHK,0.0,20.9,Utility,8,2021
2021-08-06,CHK,0.0,20.65,Utility,8,2021
2021-08-06,CHK,0.0,19.54,Utility,8,2021
2021-08-06,CC - BofA,21.6,0.0,Entertainment,8,2021
2021-08-09,CHK,222.28,0.0,Entertainment,8,2021
2021-08-09,CC - BofA,21.49,0.0,Transportation,8,2021
2021-08-09,CC - BofA,22.94,0.0,Transportation,8,2021
2021-08-10,CHK,132.79,0.0,Utility,8,2021
2021-08-12,CC - BofA,14.23,0.0,Entertainment,8,2021
2021-08-12,CC - BofA,10.69,0.0,Hobby,8,2021
2021-08-12,CC - BofA,19.1,0.0,Entertainment,8,2021
2021-08-13,CHK,0.0,45.0,Entertainment,8,2021
2021-08-13,CC - BofA,119.52,0.0,Gift,8,2021
2021-08-14,CC - BofA,69.0,0.0,Self Care,8,2021
2021-08-16,CHK,0.0,15.0,Entertainment,8,2021
2021-08-16,CHK,0.0,65.0,Miscellaneous,8,2021
2021-08-16,CC - BofA,12.26,0.0,Entertainment,8,2021
2021-08-16,CC - BofA,43.97,0.0,Travel,8,2021
2021-08-16,CC - BofA,1.06,0.0,Hobby,8,2021
2021-08-16,CC - BofA,33.45,0.0,Entertainment,8,2021
2021-08-16,CC - BofA,10.72,0.0,Entertainment,8,2021
2021-08-17,CC - BofA,10.5,0.0,Entertainment,8,2021
2021-08-17,CC - BofA,55.0,0.0,Miscellaneous,8,2021
2021-08-18,CC - BofA,0.0,335.3,Travel,8,2021
2021-08-18,CC - BofA,163.3,0.0,Self Care,8,2021
2021-08-18,CC - BofA,82.72,0.0,Shopping,8,2021
2021-08-19,CHK,42.0,0.0,Entertainment,8,2021
2021-08-19,CC - BofA,0.0,50.4,Shopping,8,2021
2021-08-19,CC - BofA,50.4,0.0,Shopping,8,2021
2021-08-19,CC - BofA,58.44,0.0,Pet,8,2021
2021-08-20,CC - BofA,196.0,0.0,Clothing,8,2021
2021-08-20,CC - BofA,14.0,0.0,Entertainment,8,2021
2021-08-20,CC - BofA,13.0,0.0,Entertainment,8,2021
2021-08-20,CC - BofA,65.0,0.0,Self Care,8,2021
2021-08-20,CC - BofA,4.28,0.0,Entertainment,8,2021
2021-08-20,CC - BofA,43.45,0.0,Shopping,8,2021
2021-08-21,CC - BofA,30.0,0.0,Travel,8,2021
2021-08-23,CHK,0.0,10.0,Entertainment,8,2021
2021-08-23,CHK,101.0,0.0,Entertainment,8,2021
2021-08-23,CHK,500.0,0.0,Savings,8,2021
2021-08-23,CC - BofA,30.0,0.0,Travel,8,2021
2021-08-23,CC - BofA,10.69,0.0,Hobby,8,2021
2021-08-23,CC - BofA,10.69,0.0,Hobby,8,2021
2021-08-23,CC - BofA,10.55,0.0,Shopping,8,2021
2021-08-23,CC - CareCred,191.21,0.0,Pet,8,2021
2021-08-24,CHK,41.0,0.0,Entertainment,8,2021
2021-08-24,CHK,134.34,0.0,Utility,8,2021
2021-08-24,CC - BofA,23.52,0.0,Shopping,8,2021
2021-08-24,CC - BofA,0.0,0.54,Rewards,8,2021
2021-08-24,CC - BofA,48.54,0.0,Shopping,8,2021
2021-08-26,CC - BofA,112.09,0.0,Shopping,8,2021
2021-08-27,CC - BofA,32.71,0.0,Entertainment,8,2021
2021-08-30,CHK,100.0,0.0,Entertainment,8,2021
2021-08-30,CC - BofA,95.5,0.0,Travel,8,2021
2021-08-30,CC - BofA,13.05,0.0,Entertainment,8,2021
2021-08-30,CC - BofA,21.39,0.0,Hobby,8,2021
2021-08-30,CC - BofA,36.97,0.0,Food,8,2021
2021-09-01,CC - BofA,52.84,0.0,Entertainment,9,2021
2021-09-01,CC - BofA,35.67,0.0,Food,9,2021
2021-09-01,CC - BofA,21.76,0.0,Shopping,9,2021
2021-09-02,CHK,0.0,230.0,Gift,9,2021
2021-09-02,CHK,0.0,521.88,Rent,9,2021
2021-09-02,CHK,1083.49,0.0,Rent,9,2021
2021-09-02,CC - BofA,49.95,0.0,Insurance,9,2021
2021-09-02,CC - BofA,16.08,0.0,Hobby,9,2021
2021-09-02,CC - BofA,9.08,0.0,Entertainment,9,2021
2021-09-03,CC - BofA,17.21,0.0,Entertainment,9,2021
2021-09-03,CC - BofA,20.22,0.0,Gift,9,2021
2021-09-04,CC - BofA,73.51,0.0,Food,9,2021
2021-09-04,CC - BofA,145.83,0.0,Shopping,9,2021
2021-09-06,CC - BofA,21.0,0.0,Entertainment,9,2021
2021-09-06,CC - BofA,13.67,0.0,Food,9,2021
2021-09-06,CC - BofA,23.51,0.0,Pet,9,2021
2021-09-06,CC - BofA,9.42,0.0,Entertainment,9,2021
2021-09-06,CC - BofA,18.94,0.0,Entertainment,9,2021
2021-09-07,CHK,0.0,580.0,Rent,9,2021
2021-09-07,CHK,580.0,0.0,Rent,9,2021
2021-09-07,CHK,110.0,0.0,Shopping,9,2021
2021-09-07,CHK,500.0,0.0,Savings,9,2021
2021-09-07,CC - BofA,64.69,0.0,Gas & Fuel,9,2021
2021-09-07,CC - BofA,12.94,0.0,Transportation,9,2021
2021-09-08,CC - BofA,126.28,0.0,Pet,9,2021
2021-09-08,CC - BofA,23.91,0.0,Entertainment,9,2021
2021-09-09,CHK,135.3,0.0,Utility,9,2021
2021-09-09,CC - BofA,10.69,0.0,Hobby,9,2021
2021-09-09,CC - BofA,17.68,0.0,Entertainment,9,2021
2021-09-13,CC - BofA,10.69,0.0,Hobby,9,2021
2021-09-13,CC - BofA,20.44,0.0,Entertainment,9,2021
2021-09-15,CC - BofA,27.95,0.0,Entertainment,9,2021
2021-09-16,CC - BofA,54.38,0.0,Gas & Fuel,9,2021
2021-09-18,CC - BofA,14.38,0.0,Entertainment,9,2021
2021-09-18,CC - BofA,12.78,0.0,Entertainment,9,2021
2021-09-20,CC - BofA,27.22,0.0,Entertainment,9,2021
2021-09-21,CHK,21.0,0.0,Entertainment,9,2021
2021-09-21,CHK,0.0,102.8,Entertainment,9,2021
2021-09-21,CC - BofA,23.12,0.0,Shopping,9,2021
2021-09-21,CC - BofA,0.0,1.15,Rewards,9,2021
2021-09-21,CC - BofA,205.6,0.0,Entertainment,9,2021
2021-09-21,CC - BofA,31.33,0.0,Entertainment,9,2021
2021-09-21,CC - BofA,12.0,0.0,Food,9,2021
2021-09-23,CC - BofA,40.73,0.0,Food,9,2021
2021-09-24,CHK,115.0,0.0,Utility,9,2021
2021-09-24,CC - BofA,58.65,0.0,Pet,9,2021
2021-09-25,CC - BofA,11.77,0.0,Entertainment,9,2021
2021-09-25,CC - BofA,56.96,0.0,Gas & Fuel,9,2021
2021-09-25,CC - AMEX,3.22,0.0,Transportation,9,2021
2021-09-25,CC - AMEX,4.53,0.0,Transportation,9,2021
2021-09-25,CC - AMEX,6.78,0.0,Transportation,9,2021
2021-09-27,CHK,125.0,0.0,Entertainment,9,2021
2021-09-27,CHK,0.0,1000.0,Gift,9,2021
2021-09-27,CHK,135.95,0.0,Utility,9,2021
2021-09-27,CC - BofA,8.11,0.0,Entertainment,9,2021
2021-09-27,CC - BofA,90.37,0.0,Entertainment,9,2021
2021-09-27,CC - BofA,10.69,0.0,Hobby,9,2021
2021-09-29,CHK,20.0,0.0,Gift,9,2021
2021-09-29,CC - BofA,30.74,0.0,Entertainment,9,2021
2021-09-29,CC - BofA,187.03,0.0,Self Care,9,2021
2021-09-29,CC - BofA,150.0,0.0,Moving,9,2021
2021-09-30,CC - BofA,15.88,0.0,Entertainment,9,2021
2021-09-30,CC - BofA,1.1,0.0,Moving,9,2021
2021-10-01,CHK,0.0,580.0,Rent,10,2021
2021-10-01,CC - BofA,208.44,0.0,Gift,10,2021
2021-10-01,CC - BofA,12.92,0.0,Entertainment,10,2021
2021-10-01,CC - BofA,7.04,0.0,Entertainment,10,2021
2021-10-02,CC - BofA,49.95,0.0,Insurance,10,2021
2021-10-02,CC - BofA,16.08,0.0,Hobby,10,2021
2021-10-02,CC - BofA,5.0,0.0,Self Care,10,2021
2021-10-02,CC - BofA,241.85,0.0,Self Care,10,2021
2021-10-04,CHK,20.0,0.0,Gift,10,2021
2021-10-04,CHK,0.0,5.0,Rent,10,2021
2021-10-04,CC - BofA,41.64,0.0,Entertainment,10,2021
2021-10-04,CC - BofA,29.29,0.0,Entertainment,10,2021
2021-10-05,CHK,0.0,0.35,Miscellaneous,10,2021
2021-10-05,CHK,1094.24,0.0,Rent,10,2021
2021-10-06,CC - BofA,69.92,0.0,Gas & Fuel,10,2021
2021-10-06,CC - BofA,71.72,0.0,Entertainment,10,2021
2021-10-08,CHK,143.82,0.0,Utility,10,2021
2021-10-08,CC - BofA,1.6,0.0,Gas & Fuel,10,2021
2021-10-09,CC - BofA,469.63,0.0,Pet,10,2021
2021-10-11,CC - BofA,22.51,0.0,Clothing,10,2021
2021-10-11,CC - BofA,75.9,0.0,Self Care,10,2021
2021-10-11,CC - BofA,100.7,0.0,Entertainment,10,2021
2021-10-11,CC - BofA,40.31,0.0,Entertainment,10,2021
2021-10-11,CC - BofA,33.9,0.0,Transportation,10,2021
2021-10-11,CC - BofA,39.36,0.0,Shopping,10,2021
2021-10-12,CHK,20.0,0.0,Food,10,2021
2021-10-12,CHK,800.0,0.0,Moving,10,2021
2021-10-12,CC - BofA,16.06,0.0,Entertainment,10,2021
2021-10-12,CC - BofA,26.65,0.0,Entertainment,10,2021
2021-10-12,CC - BofA,0.0,49.95,Shopping,10,2021
2021-10-12,CC - BofA,49.95,0.0,Shopping,10,2021
2021-10-13,CHK,12.0,0.0,Entertainment,10,2021
2021-10-13,CC - BofA,60.9,0.0,Moving,10,2021
2021-10-14,CHK,194.0,0.0,Entertainment,10,2021
2021-10-14,CC - BofA,8.93,0.0,Entertainment,10,2021
2021-10-15,CHK,25.0,0.0,Entertainment,10,2021
2021-10-16,CC - BofA,8.0,0.0,Entertainment,10,2021
2021-10-16,CC - BofA,20.7,0.0,Entertainment,10,2021
2021-10-18,CHK,20.0,0.0,Entertainment,10,2021
2021-10-19,CHK,63.0,0.0,Gas & Fuel,10,2021
2021-10-19,CHK,30.6,0.0,Shopping,10,2021
2021-10-19,CC - BofA,19.91,0.0,Transportation,10,2021
2021-10-19,CC - BofA,11.93,0.0,Transportation,10,2021
2021-10-20,CC - BofA,24.5,0.0,Entertainment,10,2021
2021-10-21,CC - BofA,20.86,0.0,Entertainment,10,2021
2021-10-21,CC - BofA,8.32,0.0,Entertainment,10,2021
2021-10-23,CC - BofA,345.7,0.0,Travel,10,2021
2021-10-23,CC - BofA,53.06,0.0,Food,10,2021
2021-10-25,CHK,6.0,0.0,Entertainment,10,2021
2021-10-25,CHK,0.0,40.48,Utility,10,2021
2021-10-25,CHK,0.0,32.91,Utility,10,2021
2021-10-25,CHK,0.0,22.76,Utility,10,2021
2021-10-25,CHK,0.0,19.86,Utility,10,2021
2021-10-25,CC - BofA,24.34,0.0,Shopping,10,2021
2021-10-25,CC - BofA,50.39,0.0,Shopping,10,2021
2021-10-25,CC - BofA,11.89,0.0,Entertainment,10,2021
2021-10-25,CC - BofA,64.19,0.0,Personal,10,2021
2021-10-25,CC - BofA,54.68,0.0,Shopping,10,2021
2021-10-25,CC - BofA,151.22,0.0,Shopping,10,2021
2021-10-25,CC - BofA,27.89,0.0,Shopping,10,2021
2021-10-25,CC - BofA,33.0,0.0,Shopping,10,2021
2021-10-25,CC - BofA,23.08,0.0,Entertainment,10,2021
2021-10-25,CC - BofA,79.53,0.0,Entertainment,10,2021
2021-10-25,CC - BofA,24.37,0.0,Entertainment,10,2021
2021-10-25,CC - BofA,17.96,0.0,Transportation,10,2021
2021-10-26,CC - BofA,4.98,0.0,Entertainment,10,2021
2021-10-26,CC - BofA,10.88,0.0,Entertainment,10,2021
2021-10-27,CHK,120.81,0.0,Utility,10,2021
2021-10-28,CHK,0.0,6000.0,Gift,10,2021
2021-10-28,CHK,350.0,0.0,Rent,10,2021
2021-10-28,CC - BofA,74.9,0.0,Shopping,10,2021
2021-10-28,CC - BofA,43.81,0.0,Shopping,10,2021
2021-10-29,CC - BofA,26.8,0.0,Shopping,10,2021
2021-10-29,CC - BofA,168.0,0.0,Self Care,10,2021
2021-10-30,CC - BofA,50.01,0.0,Gas & Fuel,10,2021
2021-10-30,CC - BofA,46.06,0.0,Gas & Fuel,10,2021
2021-11-01,CC - BofA,40.0,0.0,Entertainment,11,2021
2021-11-01,CC - BofA,51.0,0.0,Entertainment,11,2021
2021-11-01,CC - BofA,16.08,0.0,Hobby,11,2021
2021-11-01,CC - BofA,9.74,0.0,Food,11,2021
2021-11-01,CC - BofA,197.6,0.0,Entertainment,11,2021
2021-11-01,CC - BofA,43.93,0.0,Transportation,11,2021
2021-11-01,CC - BofA,1.0,0.0,Transportation,11,2021
2021-11-01,CC - BofA,10.39,0.0,Transportation,11,2021
2021-11-01,CC - BofA,13.94,0.0,Transportation,11,2021
2021-11-02,CC - BofA,49.95,0.0,Insurance,11,2021
2021-11-02,CC - BofA,30.14,0.0,Entertainment,11,2021
2021-11-02,CC - BofA,18.03,0.0,Transportation,11,2021
2021-11-02,CC - BofA,5.0,0.0,Transportation,11,2021
2021-11-02,CC - BofA,20.0,0.0,Gas & Fuel,11,2021
2021-11-03,CC - BofA,19.3,0.0,Food,11,2021
2021-11-03,CC - BofA,19.96,0.0,Transportation,11,2021
2021-11-05,CHK,100.0,0.0,Shopping,11,2021
2021-11-05,CHK,100.0,0.0,Utility,11,2021
2021-11-05,CC - BofA,96.51,0.0,Shopping,11,2021
2021-11-08,CC - BofA,71.15,0.0,Shopping,11,2021
2021-11-08,CC - BofA,58.25,0.0,Food,11,2021
2021-11-08,CC - BofA,62.47,0.0,Entertainment,11,2021
2021-11-08,CC - BofA,17.26,0.0,Entertainment,11,2021
2021-11-08,CC - BofA,34.75,0.0,Entertainment,11,2021
2021-11-08,CC - BofA,7.53,0.0,Entertainment,11,2021
2021-11-08,CC - BofA,16.26,0.0,Entertainment,11,2021
2021-11-08,CC - BofA,12.0,0.0,Transportation,11,2021
2021-11-08,CC - BofA,44.76,0.0,Gas & Fuel,11,2021
2021-11-09,CC - BofA,67.91,0.0,Entertainment,11,2021
2021-11-09,CC - BofA,23.71,0.0,Transportation,11,2021
2021-11-10,CHK,143.72,0.0,Utility,11,2021
2021-11-10,CC - BofA,141.81,0.0,Food,11,2021
2021-11-10,CC - BofA,18.76,0.0,Transportation,11,2021
2021-11-10,CC - BofA,60.7,0.0,Utility,11,2021
2021-11-11,CC - BofA,30.6,0.0,Shopping,11,2021
2021-11-11,CC - BofA,10.69,0.0,Hobby,11,2021
2021-11-11,CC - BofA,98.4,0.0,Self Care,11,2021
2021-11-12,CC - BofA,76.44,0.0,Pet,11,2021
2021-11-15,CC - BofA,12.0,0.0,Entertainment,11,2021
2021-11-15,CC - BofA,4.32,0.0,Entertainment,11,2021
2021-11-16,CC - BofA,33.46,0.0,Technology,11,2021
2021-11-16,CC - BofA,19.49,0.0,Entertainment,11,2021
2021-11-17,CC - BofA,30.6,0.0,Shopping,11,2021
2021-11-17,CC - BofA,1.5,0.0,Travel,11,2021
2021-11-17,CC - BofA,18.69,0.0,Food,11,2021
2021-11-18,CC - BofA,7.42,0.0,Food,11,2021
2021-11-19,CC - BofA,64.67,0.0,Gas & Fuel,11,2021
2021-11-19,CC - BofA,16.37,0.0,Shopping,11,2021
2021-11-19,CC - BofA,8.56,0.0,Food,11,2021
2021-11-20,CC - BofA,66.34,0.0,Shopping,11,2021
2021-11-20,CC - BofA,24.48,0.0,Entertainment,11,2021
2021-11-22,CHK,5000.0,0.0,Savings,11,2021
2021-11-22,CC - BofA,15.0,0.0,Gas & Fuel,11,2021
2021-11-22,CC - BofA,24.22,0.0,Entertainment,11,2021
2021-11-22,CC - BofA,18.64,0.0,Entertainment,11,2021
2021-11-22,CC - BofA,27.33,0.0,Entertainment,11,2021
2021-11-26,CHK,450.0,0.0,Rent,11,2021
2021-11-26,CC - BofA,42.11,0.0,Gas & Fuel,11,2021
2021-11-26,CC - BofA,55.0,0.0,Utility,11,2021
2021-11-27,CC - BofA,23.33,0.0,Shopping,11,2021
2021-11-27,CC - BofA,44.64,0.0,Utility,11,2021
2021-11-27,CC - BofA,9.62,0.0,Shopping,11,2021
2021-11-29,CC - BofA,150.16,0.0,Entertainment,11,2021
2021-11-29,CC - BofA,125.0,0.0,Self Care,11,2021
2021-11-29,CC - BofA,25.38,0.0,Entertainment,11,2021
2021-11-30,CC - BofA,12.0,0.0,Business Services,11,2021
2021-12-01,CC - BofA,16.08,0.0,Hobby,12,2021
2021-12-01,CC - BofA,40.76,0.0,Entertainment,12,2021
2021-12-02,CC - BofA,49.95,0.0,Insurance,12,2021
2021-12-03,CHK,450.0,0.0,Rent,12,2021
2021-12-03,CC - BofA,96.51,0.0,Shopping,12,2021
2021-12-03,CC - BofA,54.5,0.0,Entertainment,12,2021
2021-12-04,CC - BofA,41.79,0.0,Shopping,12,2021
2021-12-04,CC - BofA,21.94,0.0,Transportation,12,2021
2021-12-06,CHK,95.0,0.0,Entertainment,12,2021
2021-12-06,CHK,20.0,0.0,Entertainment,12,2021
2021-12-06,CC - BofA,72.1,0.0,Gas & Fuel,12,2021
2021-12-06,CC - BofA,749.67,0.0,Shopping,12,2021
2021-12-06,CC - BofA,93.7,0.0,Shopping,12,2021
2021-12-06,CC - BofA,48.97,0.0,Entertainment,12,2021
2021-12-08,CHK,143.72,0.0,Utility,12,2021
2021-12-08,CC - BofA,30.6,0.0,Shopping,12,2021
2021-12-08,CC - BofA,39.82,0.0,Pet,12,2021
2021-12-09,CHK,19.0,0.0,Shopping,12,2021
2021-12-09,CC - BofA,6.0,0.0,Entertainment,12,2021
2021-12-09,CC - BofA,18.0,0.0,Transportation,12,2021
2021-12-09,CC - BofA,10.1,0.0,Entertainment,12,2021
2021-12-09,CC - BofA,40.56,0.0,Entertainment,12,2021
2021-12-09,CC - BofA,16.05,0.0,Entertainment,12,2021
2021-12-10,CHK,0.0,150.0,Gift,12,2021
2021-12-10,CHK,0.0,749.67,Shopping,12,2021
2021-12-10,CC - BofA,6.85,0.0,Entertainment,12,2021
2021-12-10,CC - BofA,6.32,0.0,Entertainment,12,2021
2021-12-10,CC - BofA,10.35,0.0,Food,12,2021
2021-12-10,CC - BofA,10.0,0.0,Food,12,2021
2021-12-10,CC - BofA,106.31,0.0,Entertainment,12,2021
2021-12-11,CC - BofA,175.0,0.0,Rent,12,2021
2021-12-11,CC - BofA,4.28,0.0,Entertainment,12,2021
2021-12-11,CC - BofA,57.31,0.0,Food,12,2021
2021-12-11,CC - BofA,1.1,0.0,Moving,12,2021
2021-12-13,CHK,25.0,0.0,Entertainment,12,2021
2021-12-13,CHK,1536.0,0.0,Rent,12,2021
2021-12-13,CHK,380.0,0.0,Rent,12,2021
2021-12-13,CHK,0.0,450.0,Rent,12,2021
2021-12-13,CC - BofA,17.06,0.0,Entertainment,12,2021
2021-12-13,CC - BofA,103.45,0.0,Personal,12,2021
2021-12-13,CC - BofA,30.01,0.0,Gas & Fuel,12,2021
2021-12-13,CC - BofA,242.0,0.0,Insurance,12,2021
2021-12-13,CC - BofA,46.34,0.0,Food,12,2021
2021-12-13,CC - BofA,13.0,0.0,Travel,12,2021
2021-12-13,CC - BofA,23.0,0.0,Entertainment,12,2021
2021-12-13,CC - BofA,25.0,0.0,Rent,12,2021
2021-12-13,CC - BofA,12.53,0.0,Transportation,12,2021
2021-12-13,CC - BofA,102.85,0.0,Shopping,12,2021
2021-12-13,CC - BofA,23.11,0.0,Entertainment,12,2021
2021-12-14,CHK,15.0,0.0,Entertainment,12,2021
2021-12-14,CC - BofA,52.24,0.0,Gas & Fuel,12,2021
2021-12-15,CC - BofA,45.0,0.0,Transportation,12,2021
2021-12-15,CC - BofA,51.16,0.0,Entertainment,12,2021
2021-12-16,CC - BofA,14.0,0.0,Miscellaneous,12,2021
2021-12-16,CC - BofA,24.0,0.0,Transportation,12,2021
2021-12-16,CC - BofA,207.99,0.0,Shopping,12,2021
2021-12-16,CC - BofA,29.46,0.0,Entertainment,12,2021
2021-12-17,CC - BofA,240.0,0.0,Self Care,12,2021
2021-12-17,CC - BofA,102.5,0.0,Self Care,12,2021
2021-12-17,CC - BofA,200.0,0.0,Medical,12,2021
2021-12-17,CC - BofA,382.08,0.0,Shopping,12,2021
2021-12-18,CC - BofA,122.05,0.0,Entertainment,12,2021
2021-12-18,CC - BofA,20.38,0.0,Entertainment,12,2021
2021-12-18,CC - BofA,25.68,0.0,Entertainment,12,2021
2021-12-18,CC - BofA,22.85,0.0,Technology,12,2021
2021-12-18,CC - BofA,31.23,0.0,Entertainment,12,2021
2021-12-20,CHK,46.8,0.0,Entertainment,12,2021
2021-12-20,CHK,25.0,0.0,Entertainment,12,2021
2021-12-20,CC - BofA,37.46,0.0,Shopping,12,2021
2021-12-20,CC - BofA,4.0,0.0,Entertainment,12,2021
2021-12-20,CC - BofA,30.53,0.0,Entertainment,12,2021
2021-12-20,CC - BofA,9.75,0.0,Transportation,12,2021
2021-12-20,CC - BofA,16.99,0.0,Transportation,12,2021
2021-12-20,CC - BofA,6.87,0.0,Entertainment,12,2021
2021-12-20,CC - BofA,8.4,0.0,Entertainment,12,2021
2021-12-20,CC - BofA,8.4,0.0,Entertainment,12,2021
2021-12-21,CC - BofA,16.07,0.0,Shopping,12,2021
2021-12-21,CC - BofA,964.18,0.0,Technology,12,2021
2021-12-21,CC - BofA,0.0,25.0,Technology,12,2021
2021-12-21,CC - BofA,89.24,0.0,Pet,12,2021
2021-12-21,CC - BofA,20.98,0.0,Food,12,2021
2021-12-22,CHK,3.0,0.0,Food,12,2021
2021-12-23,CC - BofA,78.48,0.0,Shopping,12,2021
2021-12-23,CC - BofA,2.55,0.0,Food,12,2021
2021-12-23,CC - BofA,49.99,0.0,Utility,12,2021
2021-12-27,CHK,1.73,0.0,Gas & Fuel,12,2021
2021-12-27,CC - BofA,50.73,0.0,Entertainment,12,2021
2021-12-27,CC - BofA,42.86,0.0,Entertainment,12,2021
2021-12-27,CC - BofA,49.94,0.0,Technology,12,2021
2021-12-27,CC - BofA,519.81,0.0,Donation,12,2021
2021-12-28,CC - BofA,29.92,0.0,Pet,12,2021
2021-12-28,CC - BofA,117.87,0.0,Shopping,12,2021
2021-12-29,CHK,0.0,1500.0,Transfer,12,2021
2021-12-29,CC - BofA,321.7,0.0,Shopping,12,2021
2021-12-29,CC - BofA,60.0,0.0,Self Care,12,2021
2021-12-29,CC - BofA,0.0,55.0,Utility,12,2021
2021-12-30,CC - BofA,24.21,0.0,Food,12,2021
2021-12-30,CC - BofA,330.05,0.0,Self Care,12,2021
2021-12-30,CC - BofA,21.45,0.0,Entertainment,12,2021
2021-12-31,CHK,1366.0,0.0,Rent,12,2021
2021-12-31,CC - BofA,51.18,0.0,Entertainment,12,2021
2021-12-31,CC - BofA,16.08,0.0,Hobby,12,2021
2021-12-31,CC - BofA,0.0,21.45,Entertainment,12,2021
2021-12-31,CC - BofA,86.48,0.0,Food,12,2021
2022-01-03,CHK,0.0,130.0,Entertainment,1,2022
2022-01-03,CHK,1500.0,0.0,Savings,1,2022
2022-01-03,CC  BofA,49.95,0.0,Insurance,1,2022
2022-01-03,CC  BofA,83.8,0.0,Self Care,1,2022
2022-01-03,CC  BofA,50.73,0.0,Food,1,2022
2022-01-03,CC  BofA,27.28,0.0,Entertainment,1,2022
2022-01-03,CC  BofA,14.29,0.0,Entertainment,1,2022
2022-01-04,CC  BofA,130.1,0.0,Shopping,1,2022
2022-01-04,CC  BofA,47.75,0.0,Gas & Fuel,1,2022
2022-01-08,CC  BofA,137.2,0.0,Shopping,1,2022
2022-01-08,CC  BofA,0.0,74.0,Shopping,1,2022
2022-01-10,CHK,143.72,0.0,Utility,1,2022
2022-01-10,CC  BofA,3.99,0.0,Technology,1,2022
2022-01-10,CC  BofA,6.39,0.0,Shopping,1,2022
2022-01-10,CC  BofA,8.57,0.0,Shopping,1,2022
2022-01-10,CC  AMEX,5.26,0.0,Transportation,1,2022
2022-01-12,CC  BofA,100.0,0.0,Medical,1,2022
2022-01-13,CC  AMEX,5.26,0.0,Transportation,1,2022
2022-01-14,CHK,0.0,1000.0,Gift,1,2022
2022-01-14,CC  BofA,0.0,3.99,Technology,1,2022
2022-01-15,CC  BofA,29.75,0.0,Pet,1,2022
2022-01-15,CC  BofA,69.18,0.0,Food,1,2022
2022-01-15,CC  BofA,0.0,50.0,Shopping,1,2022
2022-01-17,CC  BofA,32.16,0.0,Food,1,2022
2022-01-17,CC  BofA,20.16,0.0,Gas & Fuel,1,2022
2022-01-17,CC  BofA,2.0,0.0,Transportation,1,2022
2022-01-19,CC  BofA,15.23,0.0,Food,1,2022
2022-01-19,CC  BofA,11.69,0.0,Food,1,2022
2022-01-19,CC  BofA,8.66,0.0,Shopping,1,2022
2022-01-21,CC  BofA,1.08,0.0,Food,1,2022
2022-01-21,CC  BofA,47.32,0.0,Food,1,2022
2022-01-21,CC  BofA,4.33,0.0,Food,1,2022
2022-01-21,CC  BofA,11.74,0.0,Food,1,2022
2022-01-21,CC  BofA,28.0,0.0,Travel,1,2022
2022-01-21,CC  BofA,8.66,0.0,Shopping,1,2022
2022-01-21,CC  BofA,61.84,0.0,Entertainment,1,2022
2022-01-24,CC  BofA,85.66,0.0,Food,1,2022
2022-01-24,CC  BofA,26.82,0.0,Food,1,2022
2022-01-24,CC  BofA,20.65,0.0,Shopping,1,2022
2022-01-26,CC  BofA,125.0,0.0,Medical,1,2022
2022-01-27,CHK,1766.99,0.0,Rent,1,2022
2022-01-31,CC  BofA,16.08,0.0,Hobby,1,2022
2022-01-31,CC  BofA,39.78,0.0,Gas & Fuel,1,2022
2022-01-31,CC  BofA,56.09,0.0,Food,1,2022
2022-01-31,CC  BofA,28.74,0.0,Food,1,2022
2022-01-31,CC  BofA,45.46,0.0,Food,1,2022
2022-02-02,CC  BofA,49.95,0.0,Insurance,2,2022
2022-02-03,CHK,78.0,0.0,Utility,2,2022
2022-02-03,CC  BofA,76.41,0.0,Pet,2,2022
2022-02-05,CC  BofA,234.73,0.0,Insurance,2,2022
2022-02-06,CC  AMEX,99.0,0.0,Fee,2,2022
2022-02-07,CC  BofA,35.12,0.0,Food,2,2022
2022-02-07,CC  BofA,86.1,0.0,Food,2,2022
2022-02-07,CC  BofA,11.0,0.0,Food,2,2022
2022-02-07,CC  BofA,20.0,0.0,Self Care,2,2022
2022-02-07,CC  BofA,138.38,0.0,Shopping,2,2022
2022-02-07,CC  BofA,72.73,0.0,Shopping,2,2022
2022-02-08,CC  AMEX,1.61,0.0,Transportation,2,2022
2022-02-09,CHK,143.61,0.0,Utility,2,2022
2022-02-09,CC  BofA,60.0,0.0,Medical,2,2022
2022-02-10,CC  BofA,55.46,0.0,Food,2,2022
2022-02-11,CC  BofA,49.28,0.0,Food,2,2022
2022-02-12,CC  BofA,33.0,0.0,Food,2,2022
2022-02-12,CC  BofA,108.81,0.0,Food,2,2022
2022-02-14,CHK,50.0,0.0,Entertainment,2,2022
2022-02-14,CC  BofA,10.07,0.0,Food,2,2022
2022-02-14,CC  BofA,102.31,0.0,Shopping,2,2022
2022-02-14,CC  BofA,7.79,0.0,Transportation,2,2022
2022-02-14,CC  BofA,54.26,0.0,Food,2,2022
2022-02-15,CC  BofA,59.49,0.0,Work,2,2022
2022-02-16,CC  BofA,40.26,0.0,Food,2,2022
2022-02-19,CC  BofA,134.0,0.0,Insurance,2,2022
2022-02-19,CC  BofA,31.27,0.0,Food,2,2022
2022-02-19,CC  BofA,71.99,0.0,Food,2,2022
2022-02-21,CC  BofA,257.4,0.0,Clothing,2,2022
2022-02-21,CC  BofA,3.99,0.0,Technology,2,2022
2022-02-21,CC  BofA,16.75,0.0,Food,2,2022
2022-02-21,CC  BofA,74.42,0.0,Shopping,2,2022
2022-02-21,CC  BofA,24.63,0.0,Transportation,2,2022
2022-02-21,CC  BofA,298.0,0.0,Gift,2,2022
2022-02-21,CC  BofA,60.0,0.0,Gift,2,2022
2022-02-21,CC  BofA,8.34,0.0,Food,2,2022
2022-02-22,CHK,25.0,0.0,Self Care,2,2022
2022-02-22,CC  BofA,2.13,0.0,Shopping,2,2022
2022-02-22,CC  BofA,33.65,0.0,Food,2,2022
2022-02-23,CHK,54.54,0.0,Utility,2,2022
2022-02-23,CC  BofA,559.61,0.0,Work,2,2022
2022-02-23,CC  BofA,60.0,0.0,Medical,2,2022
2022-02-23,CC  BofA,14.81,0.0,Food,2,2022
2022-02-24,CHK,1757.18,0.0,Rent,2,2022
2022-02-24,CC  BofA,83.09,0.0,Pet,2,2022
2022-02-24,CC  BofA,59.76,0.0,Entertainment,2,2022
2022-02-24,CC  BofA,29.88,0.0,Entertainment,2,2022
2022-02-24,CC  BofA,46.32,0.0,Food,2,2022
2022-02-24,CC  BofA,14.75,0.0,Food,2,2022
2022-02-25,CC  BofA,17.9,0.0,Transportation,2,2022
2022-02-26,CC  BofA,11.58,0.0,Food,2,2022
2022-02-26,CC  BofA,10.97,0.0,Food,2,2022
2022-02-28,CC  BofA,34.25,0.0,Shopping,2,2022
2022-02-28,CC  BofA,14.99,0.0,Shopping,2,2022
2022-02-28,CC  BofA,300.26,0.0,Shopping,2,2022
2022-02-28,CC  BofA,26.42,0.0,Shopping,2,2022
2022-03-01,CC  BofA,16.08,0.0,Entertainment,3,2022
2022-03-01,CC  BofA,1454.46,0.0,Auto,3,2022
2022-03-01,CC  BofA,16.08,0.0,Hobby,3,2022
2022-03-01,CC  BofA,63.84,0.0,Food,3,2022
2022-03-01,CC  BofA,18.19,0.0,Transportation,3,2022
2022-03-02,CHK,0.0,25.0,Entertainment,3,2022
2022-03-02,CC  BofA,49.95,0.0,Insurance,3,2022
2022-03-02,CC  BofA,189.6,0.0,Self Care,3,2022
2022-03-03,CC  BofA,60.0,0.0,Medical,3,2022
2022-03-03,CC  BofA,17.96,0.0,Food,3,2022
2022-03-03,CC  BofA,24.71,0.0,Food,3,2022
2022-03-04,CC  BofA,16.06,0.0,Transportation,3,2022
2022-03-05,CC  BofA,30.86,0.0,Personal,3,2022
2022-03-07,CC  BofA,157.86,0.0,Shopping,3,2022
2022-03-07,CC  BofA,0.0,90.52,Rewards,3,2022
2022-03-07,CC  BofA,18.29,0.0,Transportation,3,2022
2022-03-07,CC  BofA,28.52,0.0,Food,3,2022
2022-03-09,CHK,143.61,0.0,Utility,3,2022
2022-03-09,CC  BofA,9.98,0.0,Transportation,3,2022
2022-03-10,CC  BofA,66.24,0.0,Food,3,2022
2022-03-14,CC  BofA,42.89,0.0,Shopping,3,2022
2022-03-14,CC  BofA,50.4,0.0,Shopping,3,2022
2022-03-14,CC  BofA,4.42,0.0,Entertainment,3,2022
2022-03-14,CC  BofA,13.6,0.0,Shopping,3,2022
2022-03-14,CC  BofA,48.12,0.0,Food,3,2022
2022-03-15,CHK,0.0,50.0,Business Services,3,2022
2022-03-15,CC  BofA,13.59,0.0,Food,3,2022
2022-03-16,CC  BofA,115.95,0.0,Shopping,3,2022
2022-03-16,CC  BofA,3.0,0.0,Transportation,3,2022
2022-03-16,CC  BofA,13.18,0.0,Transportation,3,2022
2022-03-17,CC  BofA,19.78,0.0,Transportation,3,2022
2022-03-18,CHK,0.0,40.0,Entertainment,3,2022
2022-03-18,CHK,42.87,0.0,Utility,3,2022
2022-03-18,CC  BofA,70.0,0.0,Medical,3,2022
2022-03-18,CC  BofA,60.0,0.0,Medical,3,2022
2022-03-19,CC  BofA,13.77,0.0,Food,3,2022
2022-03-21,CC  BofA,175.0,0.0,Gym,3,2022
2022-03-21,CC  BofA,128.89,0.0,Pet,3,2022
2022-03-21,CC  BofA,27.86,0.0,Gym,3,2022
2022-03-21,CC  BofA,51.8,0.0,Food,3,2022
2022-03-21,CC  BofA,9.67,0.0,Shopping,3,2022
2022-03-21,CC  BofA,61.9,0.0,Fee,3,2022
2022-03-21,CC  BofA,19.36,0.0,Food,3,2022
2022-03-21,CC  BofA,2.0,0.0,Transportation,3,2022
2022-03-22,CC  BofA,5.22,0.0,Shopping,3,2022
2022-03-22,CC  BofA,20.98,0.0,Shopping,3,2022
2022-03-22,CC  BofA,43.82,0.0,Shopping,3,2022
2022-03-22,CC  BofA,77.33,0.0,Gas & Fuel,3,2022
2022-03-22,CC  BofA,21.95,0.0,Transportation,3,2022
2022-03-23,CHK,0.0,1000.0,Transfer,3,2022
2022-03-23,CC  BofA,30.0,0.0,Gym,3,2022
2022-03-23,CC  BofA,33.84,0.0,Food,3,2022
2022-03-23,CC  BofA,9.96,0.0,Entertainment,3,2022
2022-03-24,CHK,20.0,0.0,Entertainment,3,2022
2022-03-24,CHK,1754.34,0.0,Rent,3,2022
2022-03-24,CC  BofA,35.0,0.0,Shopping,3,2022
2022-03-24,CC  CareCred,630.0,0.0,Self Care,3,2022
2022-03-25,CC  BofA,19.07,0.0,Food,3,2022
2022-03-25,CC  BofA,321.72,0.0,Auto,3,2022
2022-03-25,CC  BofA,35.0,0.0,Medical,3,2022
2022-03-26,CC  BofA,650.26,0.0,Auto,3,2022
2022-03-26,CC  BofA,115.0,0.0,Gym,3,2022
2022-03-26,CC  BofA,29.99,0.0,Personal,3,2022
2022-03-26,CC  BofA,160.45,0.0,Clothing,3,2022
2022-03-26,CC  BofA,318.46,0.0,Pet,3,2022
2022-03-26,CC  BofA,25.11,0.0,Food,3,2022
2022-03-26,CC  BofA,0.0,52.51,Shopping,3,2022
2022-03-28,CC  BofA,60.64,0.0,Food,3,2022
2022-03-28,CC  BofA,60.88,0.0,Food,3,2022
2022-03-28,CC  BofA,30.06,0.0,Food,3,2022
2022-03-28,CC  BofA,10.86,0.0,Food,3,2022
2022-03-28,CC  BofA,56.7,0.0,Food,3,2022
2022-03-29,CC  BofA,16.08,0.0,Entertainment,3,2022
2022-03-30,CHK,0.0,952.0,Taxes,3,2022
2022-03-30,CC  BofA,154.8,0.0,Self Care,3,2022
2022-03-30,CC  BofA,16.69,0.0,Shopping,3,2022
2022-03-31,CC  BofA,16.08,0.0,Hobby,3,2022
2022-04-01,CHK,144.0,0.0,Donation,4,2022
2022-04-01,CHK,0.0,20.0,Entertainment,4,2022
2022-04-01,CHK,15.0,0.0,Entertainment,4,2022
2022-04-01,CC  BofA,35.0,0.0,Medical,4,2022
2022-04-01,CC  BofA,23.07,0.0,Food,4,2022
2022-04-02,CC  BofA,49.95,0.0,Insurance,4,2022
2022-04-02,CC  BofA,10.71,0.0,Shopping,4,2022
2022-04-02,CC  BofA,32.16,0.0,Shopping,4,2022
2022-04-04,CHK,0.0,20.0,Donation,4,2022
2022-04-04,CC  BofA,64.63,0.0,Shopping,4,2022
2022-04-04,CC  BofA,53.3,0.0,Food,4,2022
2022-04-04,CC  BofA,423.48,0.0,Hobby,4,2022
2022-04-04,CC  BofA,242.64,0.0,Hobby,4,2022
2022-04-05,CC  BofA,58.76,0.0,Entertainment,4,2022
2022-04-06,CC  BofA,10.0,0.0,Hobby,4,2022
2022-04-06,CC  BofA,41.15,0.0,Food,4,2022
2022-04-06,CC  BofA,5.57,0.0,Food,4,2022
2022-04-07,CC  BofA,67.48,0.0,Food,4,2022
2022-04-08,CHK,143.61,0.0,Utility,4,2022
2022-04-08,CC  BofA,35.0,0.0,Medical,4,2022
2022-04-09,CC  BofA,28.96,0.0,Food,4,2022
2022-04-09,CC  BofA,13.63,0.0,Food,4,2022
2022-04-11,CC  BofA,10.0,0.0,Gym,4,2022
2022-04-11,CC  BofA,237.54,0.0,Mom,4,2022
2022-04-11,CC  BofA,641.24,0.0,Mom,4,2022
2022-04-11,CC  BofA,71.04,0.0,Food,4,2022
2022-04-11,CC  BofA,55.0,0.0,Mom,4,2022
2022-04-11,CC  BofA,55.0,0.0,Mom,4,2022
2022-04-11,CC  BofA,101.48,0.0,Shopping,4,2022
2022-04-11,CC  BofA,7.74,0.0,Food,4,2022
2022-04-11,CC  BofA,35.99,0.0,Food,4,2022
2022-04-12,CC  BofA,102.84,0.0,Shopping,4,2022
2022-04-12,CC  BofA,51.29,0.0,Pet,4,2022
2022-04-12,CC  BofA,19.3,0.0,Food,4,2022
2022-04-13,CC  BofA,0.0,10.0,Gym,4,2022
2022-04-13,CC  BofA,33.78,0.0,Food,4,2022
2022-04-13,CC  BofA,12.79,0.0,Transportation,4,2022
2022-04-13,CC  BofA,18.34,0.0,Food,4,2022
2022-04-14,CC  BofA,18.06,0.0,Food,4,2022
2022-04-14,CC  BofA,7.78,0.0,Transportation,4,2022
2022-04-14,CC  BofA,35.0,0.0,Medical,4,2022
2022-04-15,CHK,90.0,0.0,Mom,4,2022
2022-04-15,CC  BofA,14.66,0.0,Transportation,4,2022
2022-04-15,CC  CareCred,1527.6,0.0,Medical,4,2022
2022-04-16,CC  BofA,41.57,0.0,Entertainment,4,2022
2022-04-16,CC  BofA,13.93,0.0,Entertainment,4,2022
2022-04-16,CC  BofA,129.4,0.0,Medical,4,2022
2022-04-16,CC  BofA,13.53,0.0,Transportation,4,2022
2022-04-16,CC  BofA,6.22,0.0,Entertainment,4,2022
2022-04-16,CC  CareCred,1795.5,0.0,Pet,4,2022
2022-04-18,CHK,0.0,3500.0,Transfer,4,2022
2022-04-18,CC  BofA,58.92,0.0,Shopping,4,2022
2022-04-18,CC  BofA,26.65,0.0,Food,4,2022
2022-04-18,CC  BofA,6.99,0.0,Transportation,4,2022
2022-04-19,CHK,14.0,0.0,Entertainment,4,2022
2022-04-20,CHK,411.31,0.0,Self Care,4,2022
2022-04-20,CHK,146.4,0.0,Self Care,4,2022
2022-04-20,CC  BofA,10.97,0.0,Transportation,4,2022
2022-04-20,CC  CareCred,85.78,0.0,Gas & Fuel,4,2022
2022-04-21,CC  BofA,11.69,0.0,Transportation,4,2022
2022-04-21,CC  BofA,19.52,0.0,Entertainment,4,2022
2022-04-22,CHK,12.75,0.0,Entertainment,4,2022
2022-04-22,CC  BofA,35.0,0.0,Medical,4,2022
2022-04-22,CC  BofA,43.37,0.0,Food,4,2022
2022-04-22,CC  CareCred,250.0,0.0,Self Care,4,2022
2022-04-22,CC  CareCred,37.0,0.0,Self Care,4,2022
2022-04-23,CC  BofA,14.88,0.0,Food,4,2022
2022-04-25,CHK,0.0,2000.0,Transfer,4,2022
2022-04-25,CC  BofA,175.0,0.0,Gym,4,2022
2022-04-25,CC  BofA,29.99,0.0,Personal,4,2022
2022-04-25,CC  BofA,35.0,0.0,Shopping,4,2022
2022-04-25,CC  BofA,37.63,0.0,Food,4,2022
2022-04-25,CC  BofA,63.05,0.0,Food,4,2022
2022-04-26,CHK,1758.55,0.0,Rent,4,2022
2022-04-26,CC  BofA,49.0,0.0,Hobby,4,2022
2022-04-26,CC  BofA,27.63,0.0,Hobby,4,2022
2022-04-26,CC  BofA,15.57,0.0,Food,4,2022
2022-04-26,CC  BofA,14.99,0.0,Transportation,4,2022
2022-04-27,CC  BofA,30.9,0.0,Donation,4,2022
2022-04-28,CHK,39.07,0.0,Utility,4,2022
2022-04-28,CC  BofA,912.76,0.0,Mom,4,2022
2022-04-28,CC  BofA,12.52,0.0,Food,4,2022
2022-04-28,CC  BofA,74.87,0.0,Pet,4,2022
2022-04-28,CC  BofA,60.0,0.0,Medical,4,2022
2022-04-29,CC  BofA,16.08,0.0,Entertainment,4,2022
2022-04-29,CC  BofA,329.83,0.0,Mom,4,2022
2022-04-29,CC  BofA,9.89,0.0,Mom,4,2022
2022-04-29,CC  BofA,35.0,0.0,Medical,4,2022
2022-04-30,CC  BofA,16.08,0.0,Hobby,4,2022
2022-04-30,CC  BofA,20.37,0.0,Shopping,4,2022
2022-04-30,CC  BofA,12.88,0.0,Food,4,2022
2022-04-30,CC  BofA,64.36,0.0,Food,4,2022
2022-05-02,CC  BofA,6.04,0.0,Food,5,2022
2022-05-02,CC  BofA,20.0,0.0,Donation,5,2022
2022-05-02,CC  BofA,63.27,0.0,Self Care,5,2022
2022-05-03,CC  BofA,49.95,0.0,Insurance,5,2022
2022-05-03,CC  BofA,35.46,0.0,Food,5,2022
2022-05-03,CC  BofA,6.71,0.0,Insurance,5,2022
2022-05-04,CC  BofA,14.98,0.0,Travel,5,2022
2022-05-04,CC  BofA,17.73,0.0,Transportation,5,2022
2022-05-06,CHK,285.0,0.0,Gift,5,2022
2022-05-06,CHK,0.0,50.0,Miscellaneous,5,2022
2022-05-06,CC  BofA,299.6,0.0,Travel,5,2022
2022-05-06,CC  BofA,50.68,0.0,Travel,5,2022
2022-05-06,CC  BofA,8.56,0.0,Shopping,5,2022
2022-05-06,CC  BofA,55.64,0.0,Gift,5,2022
2022-05-06,CC  BofA,8.66,0.0,Entertainment,5,2022
2022-05-06,CC  BofA,12.04,0.0,Entertainment,5,2022
2022-05-07,CC  BofA,200.0,0.0,Self Care,5,2022
2022-05-07,CC  BofA,108.0,0.0,Personal,5,2022
2022-05-07,CC  BofA,32.18,0.0,Hobby,5,2022
2022-05-07,CC  BofA,29.98,0.0,Travel,5,2022
2022-05-07,CC  BofA,69.25,0.0,Pet,5,2022
2022-05-07,CC  BofA,123.04,0.0,Food,5,2022
2022-05-07,CC  CareCred,319.61,0.0,Shopping,5,2022
2022-05-09,CC  BofA,102.57,0.0,Pet,5,2022
2022-05-09,CC  BofA,83.64,0.0,Shopping,5,2022
2022-05-09,CC  BofA,200.21,0.0,Mom,5,2022
2022-05-09,CC  BofA,10.58,0.0,Food,5,2022
2022-05-09,CC  BofA,273.5,0.0,Shopping,5,2022
2022-05-10,CHK,0.0,2500.0,Mom,5,2022
2022-05-10,CHK,0.0,20.0,Taxes,5,2022
2022-05-10,CHK,143.57,0.0,Utility,5,2022
2022-05-10,CC  BofA,81.0,0.0,Medical,5,2022
2022-05-10,CC  BofA,183.0,0.0,Medical,5,2022
2022-05-10,CC  BofA,15.0,0.0,Transportation,5,2022
2022-05-10,CC  BofA,35.0,0.0,Medical,5,2022
2022-05-10,CC  BofA,5.0,0.0,Miscellaneous,5,2022
2022-05-10,CC  BofA,3.7,0.0,Miscellaneous,5,2022
2022-05-10,CC  BofA,16.95,0.0,Transportation,5,2022
2022-05-11,CHK,13.0,0.0,Entertainment,5,2022
2022-05-12,CC  BofA,23.14,0.0,Shopping,5,2022
2022-05-13,CC  BofA,16.99,0.0,Transportation,5,2022
2022-05-13,CC  BofA,35.0,0.0,Medical,5,2022
2022-05-13,CC  BofA,12.74,0.0,Work,5,2022
2022-05-16,CC  BofA,5.52,0.0,Gift,5,2022
2022-05-17,CHK,40.62,0.0,Utility,5,2022
2022-05-17,CC  BofA,42.45,0.0,Food,5,2022
2022-05-18,CC  BofA,17.4,0.0,Transportation,5,2022
2022-05-19,CC  BofA,566.7,0.0,Travel,5,2022
2022-05-19,CC  BofA,14.36,0.0,Food,5,2022
2022-05-19,CC  BofA,4.44,0.0,Transportation,5,2022
2022-05-20,CHK,0.0,567.0,Travel,5,2022
2022-05-20,CC  BofA,35.0,0.0,Medical,5,2022
2022-05-23,CC  BofA,36.28,0.0,Food,5,2022
2022-05-23,CC  BofA,99.37,0.0,Utility,5,2022
2022-05-23,CC  BofA,55.0,0.0,Gym,5,2022
2022-05-23,CC  BofA,12.75,0.0,Food,5,2022
2022-05-24,CC  BofA,5.36,0.0,Food,5,2022
2022-05-25,CC  BofA,175.0,0.0,Gym,5,2022
2022-05-26,CHK,0.0,453.74,Work,5,2022
2022-05-26,CC  CareCred,305.0,0.0,Medical,5,2022
2022-05-27,CHK,50.0,0.0,Work,5,2022
2022-05-27,CC  BofA,35.0,0.0,Medical,5,2022
2022-05-27,CC  BofA,5.7,0.0,Food,5,2022
2022-05-28,CC  BofA,18.31,0.0,Food,5,2022
2022-05-30,CC  BofA,16.08,0.0,Hobby,5,2022
2022-05-30,CC  BofA,21.99,0.0,Transportation,5,2022
2022-06-01,CHK,1760.51,0.0,Rent,6,2022
2022-06-02,CC  BofA,14.34,0.0,Food,6,2022
2022-06-02,CC  BofA,49.95,0.0,Insurance,6,2022
2022-06-02,CC  BofA,41.87,0.0,Food,6,2022
2022-06-03,CC  BofA,126.16,0.0,Pet,6,2022
2022-06-03,CC  CareCred,250.0,0.0,Self Care,6,2022
2022-06-04,CC  BofA,17.32,0.0,Entertainment,6,2022
2022-06-04,CC  BofA,184.68,0.0,Entertainment,6,2022
2022-06-04,CC  BofA,36.2,0.0,Food,6,2022
2022-06-05,CC  BofA,50.73,0.0,Food,6,2022
2022-06-05,CC  BofA,10.7,0.0,Food,6,2022
2022-06-05,CC  BofA,23.28,0.0,Entertainment,6,2022
2022-06-06,CC  BofA,0.0,49.95,Insurance,6,2022
2022-06-07,CHK,25.0,0.0,Entertainment,6,2022
2022-06-08,CHK,143.57,0.0,Utility,6,2022
2022-06-08,CC  BofA,15.53,0.0,Food,6,2022
2022-06-09,CHK,0.0,143.57,Utility,6,2022
2022-06-09,CC  BofA,3.77,0.0,Household,6,2022
2022-06-09,CC  BofA,7.01,0.0,Household,6,2022
2022-06-09,CC  BofA,35.0,0.0,Medical,6,2022
2022-06-10,CC  BofA,257.74,0.0,Medical,6,2022
2022-06-10,CC  BofA,4.9,0.0,Gas & Fuel,6,2022
2022-06-10,CC  BofA,96.49,0.0,Entertainment,6,2022
2022-06-11,CC  BofA,27.95,0.0,Food,6,2022
2022-06-11,CC  BofA,6.56,0.0,Transportation,6,2022
2022-06-11,CC  BofA,53.61,0.0,Miscellaneous,6,2022
2022-06-12,CC  BofA,23.22,0.0,Household,6,2022
2022-06-13,CC  BofA,10.0,0.0,Personal,6,2022
2022-06-13,CC  BofA,35.0,0.0,Medical,6,2022
2022-06-14,CC  BofA,23.14,0.0,Shopping,6,2022
2022-06-15,CC  BofA,45.9,0.0,Gift,6,2022
2022-06-17,CC  BofA,37.44,0.0,Personal,6,2022
2022-06-17,CC  BofA,26.74,0.0,Personal,6,2022
2022-06-17,CC  BofA,223.39,0.0,Pet,6,2022
2022-06-17,CC  BofA,107.25,0.0,Personal,6,2022
2022-06-17,CC  BofA,685.2,0.0,Self Care,6,2022
2022-06-17,CC  BofA,17.56,0.0,Food,6,2022
2022-06-18,CC  BofA,19.94,0.0,Entertainment,6,2022
2022-06-19,CC  BofA,17.45,0.0,Transportation,6,2022
2022-06-19,CC  BofA,56.24,0.0,Gas & Fuel,6,2022
2022-06-21,CHK,0.0,20.0,Entertainment,6,2022
2022-06-21,CC  BofA,20.78,0.0,Entertainment,6,2022
2022-06-22,CC  BofA,28.89,0.0,Pet,6,2022
2022-06-23,CC  BofA,13.98,0.0,Entertainment,6,2022
2022-06-23,CC  BofA,40.0,0.0,Transportation,6,2022
2022-06-24,CHK,0.0,75.0,Entertainment,6,2022
2022-06-24,CC  BofA,36.66,0.0,Shopping,6,2022
2022-06-24,CC  BofA,35.0,0.0,Medical,6,2022
2022-06-25,CC  BofA,27.32,0.0,Entertainment,6,2022
2022-06-26,CC  BofA,75.02,0.0,Hobby,6,2022
2022-06-26,CC  BofA,49.89,0.0,Food,6,2022
2022-06-26,CC  BofA,24.32,0.0,Entertainment,6,2022
2022-06-27,CHK,50.0,0.0,Gift,6,2022
2022-06-27,CC  BofA,356.6,0.0,Hobby,6,2022
2022-06-27,CC  BofA,21.34,0.0,Hobby,6,2022
2022-06-28,CC  BofA,97.63,0.0,Shopping,6,2022
2022-06-28,CC  BofA,13.72,0.0,Personal,6,2022
2022-06-29,CHK,1760.47,0.0,Rent,6,2022
2022-06-30,CHK,15.0,0.0,Entertainment,6,2022
2022-06-30,CC  BofA,15.72,0.0,Transportation,6,2022
2022-06-30,CC  BofA,30.0,0.0,Transportation,6,2022
2022-07-01,CHK,35.0,0.0,Entertainment,7,2022
2022-07-02,CC  BofA,223.48,0.0,Utility,7,2022
2022-07-03,CC  BofA,10.38,0.0,Transportation,7,2022
2022-07-03,CC  BofA,51.74,0.0,Entertainment,7,2022
2022-07-03,CC  BofA,10.0,0.0,Transportation,7,2022
2022-07-03,CC  BofA,5.0,0.0,Entertainment,7,2022
2022-07-04,CC  BofA,8.93,0.0,Transportation,7,2022
2022-07-04,CC  BofA,160.28,0.0,Pet,7,2022
2022-07-05,CHK,0.0,4500.0,Transfer,7,2022
2022-07-05,CHK,0.0,30.0,Entertainment,7,2022
2022-07-05,CC  BofA,93.1,0.0,Shopping,7,2022
2022-07-05,CC  BofA,18.6,0.0,Food,7,2022
2022-07-06,CHK,45.08,0.0,Utility,7,2022
2022-07-06,CC  BofA,22.3,0.0,Food,7,2022
2022-07-07,CC  BofA,0.0,1.04,Rewards,7,2022
2022-07-07,CC  BofA,35.0,0.0,Medical,7,2022
2022-07-08,CC  BofA,93.25,0.0,Shopping,7,2022
2022-07-08,CC  BofA,52.94,0.0,Gas & Fuel,7,2022
2022-07-11,CC  BofA,10.04,0.0,Food,7,2022
2022-07-12,CC  BofA,14.22,0.0,Food,7,2022
2022-07-13,CC  BofA,23.14,0.0,Shopping,7,2022
2022-07-13,CC  BofA,62.04,0.0,Household,7,2022
2022-07-13,CC  BofA,26.82,0.0,Entertainment,7,2022
2022-07-13,CC  BofA,12.45,0.0,Entertainment,7,2022
2022-07-14,CC  BofA,13.37,0.0,Entertainment,7,2022
2022-07-15,CC  BofA,10.69,0.0,Personal,7,2022
2022-07-15,CC  BofA,14.75,0.0,Shopping,7,2022
2022-07-15,CC  BofA,53.02,0.0,Shopping,7,2022
2022-07-15,CC  BofA,24.0,0.0,Entertainment,7,2022
2022-07-16,CC  BofA,11.66,0.0,Entertainment,7,2022
2022-07-16,CC  BofA,54.06,0.0,Personal,7,2022
2022-07-16,CC  BofA,60.0,0.0,Personal,7,2022
2022-07-17,CC  BofA,37.44,0.0,Personal,7,2022
2022-07-17,CC  BofA,26.74,0.0,Personal,7,2022
2022-07-17,CC  BofA,10.69,0.0,Personal,7,2022
2022-07-17,CC  BofA,17.15,0.0,Entertainment,7,2022
2022-07-18,CC  BofA,44.37,0.0,Entertainment,7,2022
2022-07-19,CC  BofA,25.24,0.0,Entertainment,7,2022
2022-07-19,CC  BofA,10.8,0.0,Entertainment,7,2022
2022-07-20,CHK,45.0,0.0,Entertainment,7,2022
2022-07-21,CC  BofA,19.01,0.0,Entertainment,7,2022
2022-07-21,CC  BofA,35.0,0.0,Medical,7,2022
2022-07-21,CC  BofA,60.0,0.0,Medical,7,2022
2022-07-21,CC  BofA,80.1,0.0,Gas & Fuel,7,2022
2022-07-22,CC  BofA,117.3,0.0,Pet,7,2022
2022-07-22,CC  BofA,30.0,0.0,Medical,7,2022
2022-07-23,CC  BofA,91.0,0.0,Food,7,2022
2022-07-23,CC  BofA,21.44,0.0,Food,7,2022
2022-07-24,CC  BofA,45.21,0.0,Food,7,2022
2022-07-28,CC  BofA,0.0,10.71,Household,7,2022
2022-07-28,CC  BofA,46.76,0.0,Entertainment,7,2022
2022-07-28,CC  BofA,106.79,0.0,Shopping,7,2022
2022-07-28,CC  BofA,4.1,0.0,Shopping,7,2022
2022-07-29,CC  BofA,13.17,0.0,Entertainment,7,2022
2022-07-29,CC  BofA,2.67,0.0,Entertainment,7,2022
2022-07-29,CC  BofA,15.54,0.0,Food,7,2022
2022-07-30,CC  BofA,27.91,0.0,Personal,7,2022
2022-07-31,CC  BofA,632.35,0.0,Household,7,2022
2022-07-31,CC  BofA,1569.06,0.0,Household,7,2022
2022-07-31,CC  BofA,82.23,0.0,Pet,7,2022
2022-07-31,CC  BofA,59.59,0.0,Shopping,7,2022
2022-07-31,CC  BofA,30.2,0.0,Entertainment,7,2022
2022-08-01,CHK,1756.0,0.0,ATM,8,2022
2022-08-01,CHK,508.0,0.0,Travel,8,2022
2022-08-02,CC  BofA,243.73,0.0,Insurance,8,2022
2022-08-02,CC  BofA,49.68,0.0,Entertainment,8,2022
2022-08-03,CC  BofA,35.0,0.0,Medical,8,2022
2022-08-04,CC  BofA,208.07,0.0,Shopping,8,2022
2022-08-04,CC  BofA,395.75,0.0,Shopping,8,2022
2022-08-04,CC  BofA,24.66,0.0,Entertainment,8,2022
2022-08-04,CC  BofA,4.56,0.0,Entertainment,8,2022
2022-08-04,CC  BofA,22.46,0.0,Entertainment,8,2022
2022-08-04,CC  BofA,7.31,0.0,Entertainment,8,2022
2022-08-05,CC  BofA,140.88,0.0,Shopping,8,2022
2022-08-05,CC  BofA,48.63,0.0,Entertainment,8,2022
2022-08-07,CC  BofA,9.3,0.0,Entertainment,8,2022
2022-08-07,CC  BofA,25.4,0.0,Entertainment,8,2022
2022-08-08,CC  BofA,274.96,0.0,Hobby,8,2022
2022-08-09,CHK,0.0,1000.0,Gift,8,2022
2022-08-09,CHK,49.27,0.0,Utility,8,2022
2022-08-09,CC  BofA,0.0,75.08,Household,8,2022
2022-08-09,CC  BofA,40.95,0.0,Entertainment,8,2022
2022-08-09,CC  BofA,49.74,0.0,Entertainment,8,2022
2022-08-09,CC  BofA,625.38,0.0,Shopping,8,2022
2022-08-09,CC  BofA,59.46,0.0,Household,8,2022
2022-08-10,CHK,0.0,1500.0,Gift,8,2022
2022-08-11,CHK,0.0,1500.0,Gift,8,2022
2022-08-11,CHK,31.23,0.0,Household,8,2022
2022-08-11,CC  BofA,17.43,0.0,Entertainment,8,2022
2022-08-12,CHK,0.0,1500.0,Gift,8,2022
2022-08-12,CHK,0.0,0.15,Miscellaneous,8,2022
2022-08-13,CC  BofA,123.33,0.0,Clothing,8,2022
2022-08-13,CC  BofA,8.92,0.0,Entertainment,8,2022
2022-08-14,CC  BofA,82.8,0.0,Self Care,8,2022
2022-08-16,CHK,0.0,1500.0,Gift,8,2022
2022-08-16,CC  BofA,23.14,0.0,Household,8,2022
2022-08-17,CC  BofA,390.42,0.0,Utility,8,2022
2022-08-17,CC  BofA,129.6,0.0,Self Care,8,2022
2022-08-17,CC  BofA,71.91,0.0,Food,8,2022
2022-08-17,CC  BofA,35.0,0.0,Medical,8,2022
2022-08-17,CC  BofA,74.32,0.0,Transportation,8,2022
2022-08-18,CHK,0.0,1500.0,Gift,8,2022
2022-08-18,CC  BofA,0.0,140.86,Shopping,8,2022
2022-08-18,CC  BofA,0.0,395.75,Shopping,8,2022
2022-08-18,CC  BofA,195.0,0.0,Gym,8,2022
2022-08-19,CHK,0.0,1500.0,Gift,8,2022
2022-08-19,CC  BofA,20.22,0.0,Gas & Fuel,8,2022
2022-08-20,CC  BofA,14.59,0.0,Transportation,8,2022
2022-08-20,CC  BofA,85.8,0.0,Clothing,8,2022
2022-08-21,CC  BofA,63.48,0.0,Entertainment,8,2022
2022-08-21,CC  BofA,40.89,0.0,Household,8,2022
2022-08-21,CC  BofA,40.92,0.0,Shopping,8,2022
2022-08-23,CHK,1500.0,0.0,Withdrawal,8,2022
2022-08-23,CC  BofA,2.44,0.0,Miscellaneous,8,2022
2022-08-24,CHK,200.0,0.0,Pet,8,2022
2022-08-24,CC  BofA,2.13,0.0,Technology,8,2022
2022-08-24,CC  BofA,5.89,0.0,Travel,8,2022
2022-08-25,CC  BofA,82.23,0.0,Pet,8,2022
2022-08-25,CC  BofA,0.0,555.19,Shopping,8,2022
2022-08-26,CC  BofA,7.99,0.0,Entertainment,8,2022
2022-08-28,CC  BofA,65.0,0.0,Auto,8,2022
2022-08-31,CC  BofA,35.0,0.0,Medical,8,2022
2022-09-02,CHK,0.0,1500.0,Gift,9,2022
2022-09-02,CC  BofA,0.0,150.04,Household,9,2022
2022-09-02,CC  BofA,0.0,36.14,Household,9,2022
2022-09-03,CC  BofA,80.98,0.0,Food,9,2022
2022-09-04,CC  BofA,100.8,0.0,Shopping,9,2022
2022-09-06,CC  BofA,0.0,4.64,Household,9,2022
2022-09-06,CC  BofA,40.52,0.0,Shopping,9,2022
2022-09-06,CC  BofA,17.78,0.0,Household,9,2022
2022-09-06,CC  BofA,35.0,0.0,Medical,9,2022
2022-09-06,CC  BofA,70.0,0.0,Gym,9,2022
2022-09-07,CHK,0.0,1500.0,Gift,9,2022
2022-09-07,CHK,1741.0,0.0,Rent,9,2022
2022-09-08,CHK,5000.0,0.0,Savings,9,2022
2022-09-08,CHK,48.73,0.0,Utility,9,2022
2022-09-08,CC  BofA,0.0,143.42,Rewards,9,2022
2022-09-09,CHK,0.0,1500.0,Gift,9,2022
2022-09-09,CHK,0.0,1000.0,ATM,9,2022
2022-09-09,CHK,60.0,0.0,ATM,9,2022
2022-09-09,CC  BofA,207.0,0.0,Pet,9,2022
2022-09-13,CC  BofA,27.41,0.0,Household,9,2022
2022-09-13,CC  BofA,2.14,0.0,Miscellaneous,9,2022
2022-09-14,CC  BofA,5.0,0.0,Entertainment,9,2022
2022-09-14,CC  BofA,35.0,0.0,Medical,9,2022
2022-09-15,CHK,0.0,500.0,Gift,9,2022
2022-09-15,CC  BofA,28.16,0.0,Entertainment,9,2022
2022-09-16,CHK,25.0,0.0,Entertainment,9,2022
2022-09-16,CC  BofA,41.84,0.0,Food,9,2022
2022-09-16,CC  BofA,23.14,0.0,Shopping,9,2022
2022-09-16,CC  BofA,25.0,0.0,Entertainment,9,2022
2022-09-16,CC  BofA,69.99,0.0,Gas & Fuel,9,2022
2022-09-17,CC  BofA,123.34,0.0,Personal,9,2022
2022-09-19,CHK,126.54,0.0,Self Care,9,2022
2022-09-20,CC  BofA,82.23,0.0,Pet,9,2022
2022-09-21,CC  BofA,10.71,0.0,Personal,9,2022
2022-09-21,CC  BofA,56.06,0.0,Food,9,2022
2022-09-22,CHK,4000.0,0.0,Savings,9,2022
2022-09-22,CC  BofA,43.16,0.0,Work,9,2022
2022-09-24,CC  BofA,624.7,0.0,Travel,9,2022
2022-09-26,CHK,200.0,0.0,Bitcoin,9,2022
2022-09-26,CHK,50.0,0.0,Bitcoin,9,2022
2022-09-28,CC  BofA,35.0,0.0,Medical,9,2022
2022-09-30,CHK,1000.0,0.0,Savings,9,2022
2022-10-01,CHK,10.0,0.0,Shopping,10,2022
2022-10-01,CC  BofA,10.73,0.0,Shopping,10,2022
2022-10-01,CC  BofA,403.0,0.0,Shopping,10,2022
2022-10-01,CC  BofA,69.98,0.0,Hobby,10,2022
2022-10-01,CC  BofA,35.0,0.0,Medical,10,2022
2022-10-01,CC  BofA,12.09,0.0,Fee,10,2022
2022-10-02,CC  BofA,22.79,0.0,Food,10,2022
2022-10-02,CC  BofA,10.0,0.0,Gym,10,2022
2022-10-04,CC  BofA,11.95,0.0,Transportation,10,2022
2022-10-05,CC  BofA,66.9,0.0,Work,10,2022
2022-10-06,CHK,0.0,300.0,Gift,10,2022
2022-10-06,CHK,1768.27,0.0,Rent,10,2022
2022-10-06,CHK,250.0,0.0,Bitcoin,10,2022
2022-10-08,CC  BofA,54.95,0.0,Shopping,10,2022
2022-10-08,CC  BofA,10.0,0.0,Gym,10,2022
2022-10-09,CC  BofA,6.66,0.0,Food,10,2022
2022-10-09,CC  BofA,10.0,0.0,Gym,10,2022
2022-10-11,CHK,44.46,0.0,Utility,10,2022
2022-10-11,CHK,1.99,0.0,Bitcoin,10,2022
2022-10-11,CC  BofA,105.61,0.0,Pet,10,2022
2022-10-11,CC  BofA,7.27,0.0,Entertainment,10,2022
2022-10-12,CC  BofA,28.78,0.0,Entertainment,10,2022
2022-10-12,CC  BofA,32.3,0.0,Entertainment,10,2022
2022-10-12,CC  BofA,35.0,0.0,Medical,10,2022
2022-10-14,CC  BofA,35.0,0.0,Medical,10,2022
2022-10-15,CC  BofA,10.0,0.0,Household,10,2022
2022-10-15,CC  BofA,13.68,0.0,Transportation,10,2022
2022-10-15,CC  BofA,85.0,0.0,Gym,10,2022
2022-10-17,CHK,217.59,0.0,Miscellaneous,10,2022
2022-10-17,CC  BofA,7.73,0.0,Entertainment,10,2022
2022-10-17,CC  BofA,597.0,0.0,Education,10,2022
2022-10-18,CC  BofA,35.5,0.0,Entertainment,10,2022
2022-10-19,CC  BofA,24.28,0.0,Household,10,2022
2022-10-19,CC  BofA,35.0,0.0,Medical,10,2022
2022-10-20,CHK,250.0,0.0,Bitcoin,10,2022
2022-10-20,CC  BofA,60.07,0.0,Food,10,2022
2022-10-22,CC  BofA,30.61,0.0,Food,10,2022
2022-10-22,CC  BofA,143.74,0.0,Household,10,2022
2022-10-22,CC  BofA,6.59,0.0,Gas & Fuel,10,2022
2022-10-22,CC  BofA,85.0,0.0,Gym,10,2022
2022-10-24,CHK,270.0,0.0,Entertainment,10,2022
2022-10-24,CC  BofA,195.0,0.0,Gym,10,2022
2022-10-25,CC  BofA,58.65,0.0,Pet,10,2022
2022-10-25,CC  BofA,10.0,0.0,Gym,10,2022
2022-10-26,CC  BofA,35.0,0.0,Medical,10,2022
2022-10-28,CC  BofA,0.0,54.95,Shopping,10,2022
2022-10-28,CC  BofA,52.55,0.0,Education,10,2022
2022-10-28,CC  BofA,172.94,0.0,Entertainment,10,2022
2022-10-28,CC  BofA,20.0,0.0,Entertainment,10,2022
2022-10-28,CC  BofA,58.75,0.0,Entertainment,10,2022
2022-10-28,CC  BofA,12.86,0.0,Entertainment,10,2022
2022-10-29,CC  BofA,2.92,0.0,Transportation,10,2022
2022-10-29,CC  BofA,20.0,0.0,Transportation,10,2022
2022-10-29,CC  BofA,15.0,0.0,Gym,10,2022
2022-10-30,CC  BofA,25.0,0.0,Entertainment,10,2022
2022-10-31,CHK,9.99,0.0,Entertainment,10,2022
2022-10-31,CC  BofA,0.0,33.67,Miscellaneous,10,2022
2022-10-31,CC  BofA,0.0,95.88,Miscellaneous,10,2022
2022-10-31,CC  BofA,0.0,70.39,Miscellaneous,10,2022
2022-10-31,CC  BofA,95.88,0.0,Miscellaneous,10,2022
2022-10-31,CC  BofA,70.39,0.0,Miscellaneous,10,2022
2022-10-31,CC  BofA,33.67,0.0,Miscellaneous,10,2022
2022-11-01,CHK,72.0,0.0,Entertainment,11,2022
2022-11-02,CHK,0.0,180.0,Entertainment,11,2022
2022-11-03,CHK,160.0,0.0,Shopping,11,2022
2022-11-03,CHK,41.61,0.0,Entertainment,11,2022
2022-11-03,CHK,1769.72,0.0,Rent,11,2022
2022-11-04,CHK,82.23,0.0,Pet,11,2022
2022-11-07,CHK,3.11,0.0,Shopping,11,2022
2022-11-07,CHK,750.0,0.0,Savings,11,2022
2022-11-08,CHK,200.0,0.0,Bitcoin,11,2022
2022-11-09,CHK,40.26,0.0,Utility,11,2022
2022-11-11,CC  BofA,6.6,0.0,Food,11,2022
2022-11-12,CC  BofA,0.0,3.0,Miscellaneous,11,2022
2022-11-12,CC  BofA,0.0,3.0,Miscellaneous,11,2022
2022-11-12,CC  BofA,3.0,0.0,Miscellaneous,11,2022
2022-11-12,CC  BofA,3.0,0.0,Miscellaneous,11,2022
2022-11-14,CHK,0.0,1000.0,Transfer,11,2022
2022-11-15,CHK,1000.0,0.0,Savings,11,2022
2022-11-17,CHK,45.51,0.0,Entertainment,11,2022
2022-11-17,CHK,37.12,0.0,Entertainment,11,2022
2022-11-21,CHK,25.16,0.0,Entertainment,11,2022
2022-11-30,CC  BofA,0.0,35.0,Miscellaneous,11,2022
2022-11-30,CC  BofA,0.0,35.0,Miscellaneous,11,2022
2022-11-30,CC  BofA,35.0,0.0,Miscellaneous,11,2022
2022-11-30,CC  BofA,35.0,0.0,Miscellaneous,11,2022
2022-11-30,CC  BofA,35.0,0.0,Medical,11,2022
2022-12-01,CC  BofA,41.64,0.0,Food,12,2022
2022-12-02,CHK,1780.44,0.0,Rent,12,2022
2022-12-02,CC  BofA,52.02,0.0,Food,12,2022
2022-12-02,CC  BofA,29.8,0.0,Gift,12,2022
2022-12-02,CC  BofA,139.37,0.0,Gift,12,2022
2022-12-04,CC  BofA,0.0,13.63,Household,12,2022
2022-12-04,CC  BofA,68.09,0.0,Gift,12,2022
2022-12-06,CC  BofA,3.92,0.0,Entertainment,12,2022
2022-12-06,CC  BofA,35.0,0.0,Medical,12,2022
2022-12-07,CHK,41.36,0.0,Utility,12,2022
2022-12-08,CC  BofA,70.0,0.0,Medical,12,2022
2022-12-08,CC  BofA,129.6,0.0,Self Care,12,2022
2022-12-08,CC  BofA,36.15,0.0,Food,12,2022
2022-12-15,CC  BofA,30.3,0.0,Food,12,2022
2022-12-19,CHK,188.0,0.0,Entertainment,12,2022
2022-12-19,CHK,135.0,0.0,Entertainment,12,2022
2022-12-19,CC  BofA,11.78,0.0,Technology,12,2022
2022-12-19,CC  BofA,16.02,0.0,Food,12,2022
2022-12-20,CHK,0.0,500.0,Gift,12,2022
2022-12-20,CC  BofA,16.41,0.0,Food,12,2022
2022-12-21,CHK,4000.0,0.0,Savings,12,2022
2022-12-22,CC  BofA,6.6,0.0,Food,12,2022
2022-12-22,CC  BofA,75.23,0.0,Entertainment,12,2022
2022-12-24,CC  BofA,0.62,0.0,Transportation,12,2022
2022-12-24,CC  BofA,20.0,0.0,Transportation,12,2022
2022-12-24,CC  BofA,36.25,0.0,Entertainment,12,2022
2022-12-24,CC  BofA,16.64,0.0,Entertainment,12,2022
2022-12-25,CC  BofA,8.99,0.0,Transportation,12,2022
2022-12-25,CC  BofA,25.0,0.0,Food,12,2022
2022-12-26,CC  BofA,22.99,0.0,Pet,12,2022
2022-12-26,CC  BofA,6.24,0.0,Travel,12,2022
2022-12-26,CC  BofA,62.4,0.0,Gift,12,2022
2022-12-26,CC  BofA,20.0,0.0,Pet,12,2022
2022-12-26,CC  BofA,188.51,0.0,Shopping,12,2022
2022-12-26,CC  BofA,23.69,0.0,Travel,12,2022
2022-12-27,CHK,1000.0,0.0,Savings,12,2022
2022-12-27,CC  BofA,35.0,0.0,Medical,12,2022
2022-12-28,CC  BofA,20.0,0.0,Pet,12,2022
2022-12-28,CC  BofA,4.0,0.0,Pet,12,2022
2022-12-29,CC  BofA,22.99,0.0,Pet,12,2022
2022-12-29,CC  BofA,5.0,0.0,Pet,12,2022
2022-12-30,CHK,82.23,0.0,Pet,12,2022
2022-12-30,CC  BofA,39.14,0.0,Food,12,2022
2022-12-30,CC  BofA,32.93,0.0,Food,12,2022
2022-12-31,CC  BofA,69.71,0.0,Self Care,12,2022
